単位[MW平均],,,供給力
DATE,TIME,エリア需要,原子力,火力(LNG),火力(石炭),火力(石油),火力(その他),水力,地熱,バイオマス,太陽光発電実績,太陽光出力制御量,風力発電実績,風力出力制御量,揚水,蓄電池,連系線,その他,合計
2026/9/1,0:00,26392,1290,10333,6201,383,1775,1689,0,540,0,0,76,0,-639,8,4490,246,26392
2026/9/1,0:30,25530,1290,10280,6225,341,1759,1681,0,540,0,0,77,0,-1215,10,4282,261,25531
2026/9/1,1:00,24888,1290,10326,6208,341,1762,1677,0,541,0,0,74,0,-2176,5,4533,307,24888
2026/9/1,1:30,24261,1289,9721,6244,340,1759,1673,0,542,0,0,65,0,-2443,2,4750,317,24259
2026/9/1,2:00,23944,1289,9535,6100,342,1765,1683,0,529,0,0,54,0,-2708,8,5030,318,23945
2026/9/1,2:30,23905,1290,9509,5952,341,1776,1686,0,542,0,0,58,0,-2759,8,5186,316,23905
2026/9/1,3:00,24002,1289,9687,5951,342,1802,1685,0,530,0,0,60,0,-2847,8,5155,342,24004
2026/9/1,3:30,24137,1290,9800,5955,341,1809,1634,0,530,0,0,66,0,-2910,8,5278,335,24136
2026/9/1,4:00,24178,1291,9707,5966,342,1810,1639,0,530,0,0,57,0,-2677,5,5178,331,24179
2026/9/1,4:30,24360,1291,9574,5951,341,1797,1642,0,543,0,0,69,0,-2215,4,5056,307,24360
2026/9/1,5:00,24905,1291,9859,5948,341,1836,1638,0,529,2,0,55,0,-1780,8,4899,278,24904
2026/9/1,5:30,25153,1291,9774,6049,341,1797,1640,0,529,133,0,37,0,-1625,6,4902,279,25153
2026/9/1,6:00,25935,1290,10227,6096,341,1775,1629,0,530,351,0,50,0,-1473,3,4796,319,25934
2026/9/1,6:30,26914,1291,10438,6045,342,1796,1627,0,530,880,0,51,0,-1426,3,5064,272,26913
2026/9/1,7:00,28510,1290,10737,6057,343,1802,1612,0,528,1772,0,54,0,-1800,1,5830,283,28509
2026/9/1,7:30,30085,1290,11143,6342,343,1761,1597,0,526,2749,0,41,0,-1814,4,5794,309,30085
2026/9/1,8:00,32001,1291,11851,6899,341,1757,1747,0,535,3662,0,48,0,-1265,4,4810,321,32001
2026/9/1,8:30,34211,1292,12555,7028,363,1759,1738,0,533,4802,0,50,0,-324,6,4074,334,34210
2026/9/1,9:00,35892,1292,12860,7140,415,1793,1737,0,531,5517,0,55,0,0,1,4240,312,35893
2026/9/1,9:30,36812,1292,13542,7172,437,1764,1724,0,530,5861,0,58,0,0,0,4097,335,36812
2026/9/1,10:00,37723,1291,14080,7169,436,1709,1696,0,513,6372,0,51,0,0,0,4093,314,37724
2026/9/1,10:30,38427,1290,14476,7164,438,1732,1669,0,513,6671,0,54,0,0,1,4094,325,38427
2026/9/1,11:00,39062,1290,14647,7165,437,1727,1829,0,516,6691,0,47,0,0,4,4380,328,39061
2026/9/1,11:30,38972,1290,15341,7162,438,1721,1795,0,517,6287,0,47,0,0,2,4046,325,38971
2026/9/1,12:00,38108,1291,13939,7163,438,1700,1682,0,514,5750,0,41,0,0,6,5260,323,38107
2026/9/1,12:30,37837,1291,14151,7159,436,1623,1696,0,514,5165,0,41,0,0,2,5443,316,37837
2026/9/1,13:00,38815,1291,15666,7156,434,1693,1708,0,526,4666,0,55,0,37,0,5265,318,38815
2026/9/1,13:30,39321,1291,16815,7156,433,1759,1702,0,526,4273,0,72,0,350,0,4623,320,39320
2026/9/1,14:00,39008,1291,17109,7179,436,1710,1722,0,526,3623,0,67,0,810,10,4227,299,39009
2026/9/1,14:30,39271,1290,17835,7176,436,1718,1744,0,527,3294,0,64,0,920,20,3944,303,39271
2026/9/1,15:00,39158,1291,17699,7180,434,1718,1800,0,529,2724,0,55,0,1372,15,4028,314,39159
2026/9/1,15:30,39317,1289,17647,7206,433,1696,1820,0,528,2063,0,51,0,2602,21,3644,317,39317
2026/9/1,16:00,39476,1290,17299,7211,432,1699,2154,0,531,1512,0,48,0,3649,44,3280,327,39476
2026/9/1,16:30,39198,1290,16615,7207,435,1715,2194,0,532,920,0,34,0,4229,51,3651,324,39197
2026/9/1,17:00,38568,1290,16029,7264,434,1614,2337,0,534,400,0,46,0,4683,45,3559,332,38567
2026/9/1,17:30,38416,1290,15981,7391,436,1616,2350,0,534,82,0,40,0,4638,43,3703,312,38416
2026/9/1,18:00,38251,1290,15982,7448,435,1610,2354,0,538,1,0,39,0,4520,42,3663,329,38251
2026/9/1,18:30,37968,1290,15657,7605,436,1669,2350,0,539,0,0,39,0,4295,47,3714,326,37967
2026/9/1,19:00,37127,1290,15685,7638,435,1689,2356,0,539,0,0,32,0,3204,23,3923,313,37127
2026/9/1,19:30,36275,1290,15864,7908,435,1726,2348,0,540,0,0,45,0,1735,19,4029,336,36275
2026/9/1,20:00,35421,1290,15507,7996,382,1741,2202,0,539,0,0,51,0,1328,10,4060,314,35420
2026/9/1,20:30,34627,1291,15015,8044,340,1726,2155,0,527,0,0,46,0,833,9,4315,327,34628
2026/9/1,21:00,33576,1291,14706,8096,339,1760,1630,0,530,0,0,37,0,653,0,4214,321,33577
2026/9/1,21:30,32478,1291,13362,8086,339,1756,1630,0,544,0,0,49,0,55,15,5018,334,32479
2026/9/1,22:00,31759,1291,12197,8050,347,1709,1916,0,544,0,0,49,0,0,1,5360,296,31760
2026/9/1,22:30,30903,1291,11452,8098,349,1705,1902,0,543,0,0,47,0,-49,0,5279,286,30903
2026/9/1,23:00,30098,1290,11411,8061,321,1722,1638,0,543,0,0,63,0,-510,0,5292,267,30098
2026/9/1,23:30,28955,1291,11079,7980,289,1643,1626,0,530,0,0,56,0,-1263,0,5436,288,28955
2026/9/2,0:00,27994,1290,11258,7928,260,1657,1438,0,565,0,0,57,0,-1828,0,5089,281,27995
2026/9/2,0:30,26968,1290,10606,7928,231,1572,1437,0,565,0,0,50,0,-2268,0,5310,246,26967
2026/9/2,1:00,26206,1292,10193,7923,225,1593,1431,0,565,0,0,51,0,-2139,0,4782,291,26207
2026/9/2,1:30,25656,1291,9811,7924,226,1641,1430,0,566,0,0,57,0,-2666,0,5075,300,25655
2026/9/2,2:00,25283,1291,9748,7924,226,1635,1436,0,553,0,0,42,0,-2687,0,4829,285,25282
2026/9/2,2:30,25162,1292,9906,7921,226,1615,1435,0,567,0,0,56,0,-3108,0,4968,285,25163
2026/9/2,3:00,25176,1291,9862,7920,226,1628,1428,0,568,0,0,58,0,-3080,0,4967,308,25176
2026/9/2,3:30,25191,1291,10022,7920,225,1640,1350,0,555,0,0,55,0,-3200,0,5034,299,25191
2026/9/2,4:00,25289,1291,10247,7922,226,1631,1361,0,554,0,0,56,0,-3273,0,4981,293,25289
2026/9/2,4:30,25521,1290,10191,7923,225,1632,1366,0,568,0,0,63,0,-3272,0,5268,267,25521
2026/9/2,5:00,25958,1292,10561,7919,225,1607,1368,0,555,2,0,55,0,-2976,1,5156,194,25959
2026/9/2,5:30,26159,1292,10382,7920,226,1638,1368,0,554,162,0,48,0,-2964,0,5348,186,26160
2026/9/2,6:00,27101,1292,10534,7914,226,1631,1352,0,556,491,0,55,0,-2339,0,5101,289,27102
2026/9/2,6:30,28301,1292,10829,7917,227,1607,1372,0,556,1184,0,49,0,-2439,0,5465,242,28301
2026/9/2,7:00,30182,1292,11076,7914,229,1607,1343,0,554,2220,0,56,0,-2084,1,5742,231,30181
2026/9/2,7:30,32026,1290,10959,7914,228,1561,1302,0,552,3428,0,70,0,-1376,2,5849,247,32026
2026/9/2,8:00,34451,1291,11740,7912,228,1526,1380,0,560,4622,0,68,0,-683,6,5484,317,34451
2026/9/2,8:30,36714,1290,11905,7909,228,1563,1373,0,558,5922,0,81,0,0,6,5546,334,36715
2026/9/2,9:00,38552,1291,12540,7909,228,1566,1358,0,557,7233,0,81,0,0,2,5472,314,38551
2026/9/2,9:30,40155,1292,13576,7902,232,1563,1350,0,555,8412,0,88,0,0,3,4848,334,40155
2026/9/2,10:00,41099,1292,13335,7904,231,1597,1357,0,553,9459,0,86,0,0,4,4964,317,41099
2026/9/2,10:30,41771,1292,14314,7912,251,1531,1367,0,553,10083,0,89,0,0,5,4042,333,41772
2026/9/2,11:00,42616,1290,14225,7905,305,1527,1355,0,555,10940,0,95,0,0,4,4079,335,42615
2026/9/2,11:30,43147,1290,13726,7911,324,1542,1352,0,557,11763,0,92,0,2,3,4257,330,43149
2026/9/2,12:00,43359,1290,13004,7903,323,1577,1241,0,554,12514,0,87,0,0,1,4547,318,43359
2026/9/2,12:30,43512,1289,13008,7911,323,1588,1237,0,553,12610,0,90,0,0,1,4590,311,43511
2026/9/2,13:00,44993,1289,15192,7906,322,1614,1334,0,551,12184,0,91,0,0,1,4185,323,44992
2026/9/2,13:30,45248,1290,17115,7907,321,1634,1369,0,551,11172,0,87,0,0,3,3472,327,45248
2026/9/2,14:00,44901,1290,17764,7907,321,1669,1423,0,551,9744,0,86,0,3,15,3832,296,44901
2026/9/2,14:30,45039,1290,18599,7903,322,1654,1467,0,552,8512,0,75,0,401,16,3942,305,45038
2026/9/2,15:00,44872,1290,18301,7901,323,1644,1654,0,554,6936,0,69,0,1677,4,4203,317,44873
2026/9/2,15:30,44869,1290,18390,7902,323,1688,1715,0,554,5055,0,52,0,2870,6,4713,310,44868
2026/9/2,16:00,44384,1288,18660,7901,325,1706,1972,0,557,3292,0,40,0,3849,25,4452,317,44384
2026/9/2,16:30,43755,1289,19414,7904,324,1708,1997,0,558,1912,0,39,0,4289,47,3964,309,43754
2026/9/2,17:00,42402,1289,18903,7905,325,1708,2343,0,559,816,0,40,0,4577,49,3557,332,42403
2026/9/2,17:30,41877,1289,18830,7901,326,1688,2323,0,559,204,0,41,0,5101,57,3243,315,41877
2026/9/2,18:00,41630,1290,18785,7903,325,1667,2290,0,564,1,0,45,0,5275,63,3092,331,41631
2026/9/2,18:30,41232,1290,18826,7900,327,1623,2289,0,565,0,0,52,0,4859,49,3130,322,41232
2026/9/2,19:00,40244,1290,18667,7904,328,1594,2284,0,565,0,0,68,0,3809,36,3382,317,40244
2026/9/2,19:30,39145,1290,18356,7905,327,1626,2204,0,566,0,0,83,0,2946,30,3475,337,39145
2026/9/2,20:00,38109,1290,18030,7907,327,1676,2188,0,566,0,0,92,0,2210,11,3491,320,38108
2026/9/2,20:30,37263,1290,17352,7908,326,1654,2140,0,554,0,0,91,0,2076,10,3528,334,37263
2026/9/2,21:00,36001,1290,16772,7913,326,1656,1651,0,556,0,0,101,0,1770,0,3669,297,36001
2026/9/2,21:30,34785,1289,16455,7914,327,1606,1640,0,570,0,0,103,0,338,21,4203,318,34784
2026/9/2,22:00,34030,1290,16049,7913,273,1594,1705,0,570,0,0,102,0,42,3,4221,268,34030
2026/9/2,22:30,33036,1290,14931,7916,229,1626,1653,0,569,0,0,105,0,0,0,4433,283,33035
2026/9/2,23:00,32154,1290,13696,7915,228,1618,1577,0,569,0,0,100,0,0,3,4902,256,32154
2026/9/2,23:30,30922,1290,12467,7917,229,1599,1564,0,569,0,0,81,0,-7,2,5022,188,30921
2026/9/3,0:00,29697,1290,11035,7919,228,1607,1369,0,559,0,0,68,0,-833,7,6137,310,29696
2026/9/3,0:30,28499,1289,10397,7917,229,1600,1376,0,559,0,0,68,0,-1319,10,6082,293,28501
2026/9/3,1:00,27628,1290,10773,7914,229,1619,1383,0,559,0,0,66,0,-1969,9,5455,300,27628
2026/9/3,1:30,27016,1290,10323,7917,229,1567,1408,0,559,0,0,69,0,-2308,4,5650,309,27017
2026/9/3,2:00,26578,1291,10144,7916,229,1579,1395,0,546,0,0,69,0,-2792,9,5881,311,26578
2026/9/3,2:30,26274,1291,9862,7918,230,1596,1401,0,559,0,0,73,0,-3022,5,6054,308,26275
2026/9/3,3:00,26267,1291,10149,7916,229,1599,1411,0,546,0,0,63,0,-3143,8,5882,316,26267
2026/9/3,3:30,26182,1291,10064,7918,230,1559,1330,0,547,0,0,65,0,-3143,9,6006,308,26184
2026/9/3,4:00,26196,1291,10125,7917,229,1573,1329,0,548,0,0,53,0,-3137,8,5958,302,26196
2026/9/3,4:30,26387,1291,10217,7921,229,1559,1328,0,562,0,0,54,0,-3129,8,6078,270,26388
2026/9/3,5:00,26844,1291,10492,7922,229,1552,1329,0,561,2,0,49,0,-3129,0,6309,237,26844
2026/9/3,5:30,27160,1291,10517,7922,229,1561,1331,0,547,138,0,47,0,-2606,4,5942,238,27161
2026/9/3,6:00,28314,1291,11049,7917,229,1579,1346,0,562,509,0,56,0,-2583,2,6068,289,28314
2026/9/3,6:30,29417,1291,11592,7918,231,1628,1341,0,563,1184,0,53,0,-2831,3,6194,250,29417
2026/9/3,7:00,31737,1291,12855,7916,232,1610,1312,0,560,2109,0,57,0,-2378,4,5888,278,31734
2026/9/3,7:30,33743,1291,13329,7915,231,1609,1274,0,559,2539,0,59,0,-1248,5,5891,289,33743
2026/9/3,8:00,35959,1292,14871,7912,232,1585,1363,0,555,2850,0,66,0,-95,1,5045,283,35960
2026/9/3,8:30,38323,1292,16498,7910,251,1604,1366,0,552,3643,0,75,0,0,13,4820,299,38323
2026/9/3,9:00,40370,1292,18429,7908,305,1593,1340,0,551,4673,0,85,0,0,17,3888,289,40370
2026/9/3,9:30,41386,1292,18708,7904,314,1543,1333,0,550,5059,0,101,0,50,16,4204,313,41387
2026/9/3,10:00,41794,1292,18871,7905,325,1469,1336,0,548,4944,0,105,0,565,2,4126,306,41794
2026/9/3,10:30,41794,1291,18266,7907,325,1471,1359,0,547,4970,0,122,0,824,16,4375,320,41793
2026/9/3,11:00,42790,1291,18510,7910,323,1471,1365,0,548,5382,0,125,0,762,9,4775,320,42791
2026/9/3,11:30,42578,1291,18223,7905,324,1473,1281,0,549,5104,0,121,0,478,10,5497,322,42578
2026/9/3,12:00,42241,1291,18269,7911,324,1476,1330,0,547,5275,0,115,0,346,0,5043,313,42240
2026/9/3,12:30,41888,1291,18049,7913,323,1473,1387,0,547,4552,0,104,0,398,2,5531,317,41887
2026/9/3,13:00,42628,1290,19564,7909,324,1502,1478,0,546,3992,0,92,0,719,4,4893,314,42627
2026/9/3,13:30,43519,1290,19978,7915,324,1506,1493,0,545,3733,0,86,0,1286,12,5029,321,43518
2026/9/3,14:00,43463,1290,20473,7910,324,1581,1609,0,545,2724,0,83,0,1680,16,4926,302,43463
2026/9/3,14:30,42777,1289,20599,7910,323,1623,1639,0,569,1936,0,75,0,1605,22,4888,300,42778
2026/9/3,15:00,41920,1285,20454,7906,323,1644,1686,0,570,1410,0,67,0,1508,13,4735,319,41920
2026/9/3,15:30,41375,1285,20222,7912,323,1606,1706,0,578,923,0,64,0,1582,24,4834,316,41375
2026/9/3,16:00,40491,1289,19122,7919,325,1606,2102,0,588,680,0,67,0,1849,37,4590,317,40491
2026/9/3,16:30,39462,1290,18646,7920,326,1606,2134,0,594,452,0,70,0,1860,37,4217,309,39461
2026/9/3,17:00,38529,1290,18065,7921,326,1601,2278,0,603,266,0,67,0,1637,37,4128,309,38528
2026/9/3,17:30,38148,1290,17998,7924,326,1612,2290,0,603,74,0,81,0,1724,47,3877,303,38149
2026/9/3,18:00,37758,1290,18063,7922,326,1602,2306,0,607,0,0,97,0,1212,40,3982,311,37758
2026/9/3,18:30,37466,1291,17971,7920,326,1623,2307,0,607,0,0,131,0,929,38,4014,307,37464
2026/9/3,19:00,36630,1292,17263,7923,327,1600,2306,0,608,0,0,148,0,842,28,3991,303,36631
2026/9/3,19:30,35536,1292,15800,7923,327,1641,2203,0,611,0,0,150,0,771,23,4479,316,35536
2026/9/3,20:00,34745,1292,15334,7929,275,1631,2098,0,614,0,0,161,0,715,12,4388,297,34746
2026/9/3,20:30,33888,1292,14371,7925,232,1609,2078,0,606,0,0,172,0,781,9,4504,310,33889
2026/9/3,21:00,32911,1291,14232,7929,232,1638,1841,0,611,0,0,158,0,670,0,4015,294,32911
2026/9/3,21:30,31827,1291,12692,7929,232,1643,1836,0,625,0,0,162,0,0,19,5082,316,31827
2026/9/3,22:00,31206,1290,12046,7929,229,1649,1966,0,627,0,0,147,0,0,5,5049,269,31206
2026/9/3,22:30,30303,1290,11387,7826,229,1658,1934,0,626,0,0,138,0,-19,0,4981,251,30301
2026/9/3,23:00,29575,1292,11612,7133,229,1652,1725,0,626,0,0,145,0,-623,13,5527,244,29575
2026/9/3,23:30,28651,1292,11214,7112,228,1621,1711,0,627,0,0,128,0,-1022,8,5461,271,28651
2026/9/4,0:00,27524,1292,11084,7244,229,1621,1722,0,558,0,0,177,0,-1260,4,4582,271,27524
2026/9/4,0:30,26609,1292,9738,7808,229,1614,1718,0,558,0,0,163,0,-1291,0,4505,275,26609
2026/9/4,1:00,25878,1292,9384,7918,228,1621,1694,0,558,0,0,154,0,-1928,4,4637,314,25876
2026/9/4,1:30,25447,1291,9297,7930,229,1645,1690,0,558,0,0,145,0,-2104,0,4438,328,25447
2026/9/4,2:00,25038,1291,9057,7929,229,1635,1683,0,545,0,0,118,0,-2197,0,4416,330,25036
2026/9/4,2:30,25015,1291,9056,7933,229,1642,1682,0,558,0,0,117,0,-2189,0,4371,325,25015
2026/9/4,3:00,24998,1291,9148,7926,230,1659,1665,0,545,0,0,116,0,-2188,0,4276,331,24999
2026/9/4,3:30,24998,1292,9047,7933,230,1653,1590,0,545,0,0,111,0,-1923,0,4200,321,24999
2026/9/4,4:00,25073,1291,8851,7924,229,1634,1582,0,559,0,0,109,0,-1688,0,4264,317,25072
2026/9/4,4:30,25215,1291,8660,7927,230,1620,1569,0,558,0,0,104,0,-1391,2,4351,293,25214
2026/9/4,5:00,25659,1290,8542,7925,229,1638,1560,0,558,1,0,93,0,-823,2,4374,271,25660
2026/9/4,5:30,25982,1289,8721,7928,229,1662,1552,0,544,127,0,64,0,-1073,3,4611,324,25981
2026/9/4,6:00,26941,1289,9010,7927,229,1648,1552,0,559,310,0,63,0,-1072,2,5123,301,26941
2026/9/4,6:30,27820,1288,9338,7925,230,1658,1567,0,559,490,0,56,0,-820,3,5242,284,27820
2026/9/4,7:00,29295,1289,10253,7929,231,1630,1556,0,556,713,0,54,0,-443,4,5226,298,29296
2026/9/4,7:30,30788,1290,11017,7926,252,1620,1554,0,555,1021,0,51,0,-18,7,5262,250,30787
2026/9/4,8:00,32569,1289,12522,7926,305,1621,1620,0,552,1378,0,63,0,205,8,4765,314,32568
2026/9/4,8:30,34374,1289,14059,7925,329,1610,1630,0,548,1825,0,61,0,54,18,4701,326,34375
2026/9/4,9:00,35636,1289,15403,7924,327,1556,1627,0,537,2264,0,64,0,0,18,4314,313,35636
2026/9/4,9:30,36405,1289,15529,7920,328,1574,1605,0,536,2893,0,67,0,0,12,4320,332,36405
2026/9/4,10:00,37004,1288,15948,7925,329,1603,1568,0,534,3115,0,65,0,0,8,4320,302,37005
2026/9/4,10:30,36771,1289,16000,7920,327,1620,1568,0,533,2983,0,67,0,0,12,4132,321,36772
2026/9/4,11:00,36264,1288,14784,7923,328,1587,1583,0,535,3529,0,63,0,77,22,4232,311,36262
2026/9/4,11:30,36915,1290,14474,7925,328,1560,1510,0,535,4440,0,64,0,91,11,4368,318,36914
2026/9/4,12:00,36233,1290,13583,7920,327,1580,1670,0,535,4533,0,62,0,0,6,4410,318,36234
2026/9/4,12:30,36023,1290,13596,7929,328,1588,1684,0,534,4360,0,53,0,0,2,4346,314,36024
2026/9/4,13:00,37274,1290,15439,7926,328,1572,1746,0,532,4036,0,57,0,0,14,4020,314,37274
2026/9/4,13:30,38257,1290,16341,7849,328,1552,1763,0,532,3341,0,60,0,561,23,4296,320,38256
2026/9/4,14:00,37925,1289,16650,7764,328,1566,1912,0,532,1875,0,58,0,1370,30,4259,292,37925
2026/9/4,14:30,37498,1290,16164,7690,328,1609,1930,0,556,1314,0,56,0,1888,28,4357,288,37498
2026/9/4,15:00,37379,1289,15817,7654,329,1619,2110,0,558,953,0,53,0,2330,15,4337,314,37378
2026/9/4,15:30,37415,1289,16054,7640,327,1635,2132,0,565,557,0,53,0,2510,17,4327,309,37415
2026/9/4,16:00,37359,1290,15660,7642,328,1619,2471,0,575,340,0,53,0,2753,24,4283,321,37359
2026/9/4,16:30,37022,1290,15449,7645,328,1601,2516,0,580,210,0,49,0,2663,26,4349,316,37022
2026/9/4,17:00,36384,1290,16182,7659,329,1593,2527,0,590,88,0,46,0,1363,32,4356,330,36385
2026/9/4,17:30,36232,1290,16512,7749,329,1596,2526,0,589,26,0,41,0,876,39,4342,318,36233
2026/9/4,18:00,35681,1290,15923,7798,328,1568,2529,0,593,0,0,48,0,403,42,4833,325,35680
2026/9/4,18:30,35424,1289,15951,7921,327,1566,2530,0,593,0,0,54,0,380,38,4452,322,35423
2026/9/4,19:00,34390,1289,14810,7937,274,1602,2538,0,593,0,0,57,0,401,30,4559,302,34392
2026/9/4,19:30,33562,1289,13988,7935,230,1596,2527,0,596,0,0,61,0,152,24,4843,321,33562
2026/9/4,20:00,32757,1290,13683,7936,231,1597,2447,0,599,0,0,62,0,43,14,4562,294,32758
2026/9/4,20:30,32047,1290,13086,7938,230,1623,2427,0,590,0,0,56,0,0,12,4486,309,32047
2026/9/4,21:00,31001,1290,12305,7938,231,1625,1988,0,608,0,0,61,0,0,3,4636,318,31003
2026/9/4,21:30,29923,1290,11105,7939,230,1617,1946,0,608,0,0,56,0,0,10,4862,261,29924
2026/9/4,22:00,29442,1289,10473,7946,229,1620,2013,0,610,0,0,54,0,0,13,4932,264,29443
2026/9/4,22:30,28634,1289,9591,7950,228,1575,1989,0,609,0,0,44,0,0,7,5071,282,28635
2026/9/4,23:00,28036,1289,9131,7953,228,1581,1974,0,608,0,0,48,0,0,11,4941,272,28036
2026/9/4,23:30,27131,1289,8053,7924,228,1570,1954,0,610,0,0,43,0,0,10,5159,292,27132
2026/9/5,0:00,26132,1289,8682,7682,229,1564,1579,0,609,0,0,42,0,-1,4,4140,312,26131
2026/9/5,0:30,25277,1291,8096,7529,228,1562,1588,0,609,0,0,46,0,-413,2,4416,322,25276
2026/9/5,1:00,24617,1291,8181,7142,228,1558,1537,0,610,0,0,48,0,-978,0,4702,299,24618
2026/9/5,1:30,23937,1291,7778,6932,228,1551,1533,0,610,0,0,58,0,-2031,0,5685,303,23938
2026/9/5,2:00,23625,1291,7852,6797,228,1591,1526,0,610,0,0,60,0,-2658,0,6017,311,23625
2026/9/5,2:30,23509,1291,8123,6890,229,1538,1547,0,610,0,0,51,0,-2894,11,5807,306,23509
2026/9/5,3:00,23485,1291,7847,6972,228,1572,1556,0,611,0,0,53,0,-2618,6,5645,323,23486
2026/9/5,3:30,23483,1291,7930,6770,228,1595,1485,0,598,0,0,47,0,-2373,6,5587,318,23482
2026/9/5,4:00,23459,1291,7914,6504,228,1588,1492,0,611,0,0,54,0,-2306,5,5758,321,23460
2026/9/5,4:30,23615,1292,7829,6377,229,1606,1495,0,611,0,0,52,0,-1491,0,5320,294,23614
2026/9/5,5:00,23682,1293,7691,6229,228,1606,1500,0,611,1,0,56,0,-1024,0,5234,258,23683
2026/9/5,5:30,23699,1292,7343,6182,229,1613,1508,0,598,103,0,45,0,-933,2,5430,287,23699
2026/9/5,6:00,24046,1293,7483,6199,229,1635,1483,0,612,200,0,61,0,-593,0,5130,314,24046
2026/9/5,6:30,24213,1293,7632,5898,230,1571,1474,0,613,393,0,63,0,-1425,9,6183,281,24215
2026/9/5,7:00,24848,1292,8413,5505,231,1560,1445,0,610,668,0,63,0,-1587,8,6384,256,24848
2026/9/5,7:30,25526,1292,8512,5277,230,1559,1402,0,609,979,0,60,0,-1178,8,6440,334,25524
2026/9/5,8:00,26279,1291,8786,4747,230,1602,1409,0,609,1556,0,84,0,-165,10,5783,336,26278
2026/9/5,8:30,27194,1291,8848,4823,231,1583,1422,0,607,2241,0,72,0,0,10,5731,335,27194
2026/9/5,9:00,27559,1292,8580,4961,230,1575,1411,0,606,3047,0,75,0,0,0,5459,322,27558
2026/9/5,9:30,27968,1292,7859,5147,232,1562,1409,0,605,4244,0,75,0,0,0,5218,324,27967
2026/9/5,10:00,28157,1292,7597,5139,233,1572,1421,0,602,5571,0,75,0,-599,0,4951,303,28157
2026/9/5,10:30,28626,1292,7343,5094,232,1572,1418,0,601,6949,0,87,0,-977,0,4706,309,28626
2026/9/5,11:00,29393,1292,7668,5039,231,1624,1369,0,602,8108,0,107,0,-1465,10,4502,308,29395
2026/9/5,11:30,29579,1291,7463,5040,231,1649,1365,0,601,8639,0,93,0,-1850,11,4736,311,29580
2026/9/5,12:00,29725,1291,7626,5038,230,1654,1382,0,600,9095,0,92,0,-2200,0,4615,302,29725
2026/9/5,12:30,29760,1291,7904,5017,230,1635,1384,0,600,9183,0,111,0,-1967,0,4069,303,29760
2026/9/5,13:00,30059,1291,7839,5037,231,1618,1405,0,599,9025,0,95,0,-1658,0,4272,305,30059
2026/9/5,13:30,30177,1291,7787,5060,230,1618,1429,0,599,8580,0,105,0,-1105,4,4272,309,30179
2026/9/5,14:00,29898,1291,7858,5111,245,1588,1449,0,599,7677,0,107,0,-654,1,4325,302,29899
2026/9/5,14:30,30120,1291,7950,5374,275,1596,1491,0,599,7088,0,109,0,-343,6,4387,298,30121
2026/9/5,15:00,30352,1290,8288,5953,322,1637,1551,0,599,6072,0,98,0,69,0,4154,319,30352
2026/9/5,15:30,30252,1289,8202,6502,321,1647,1578,0,600,4717,0,98,0,682,2,4299,315,30252
2026/9/5,16:00,30388,1289,7984,7092,322,1632,1744,0,602,3286,0,101,0,1098,24,4897,317,30388
2026/9/5,16:30,30506,1288,8335,7233,322,1606,1785,0,602,1892,0,103,0,1894,25,5108,314,30507
2026/9/5,17:00,30404,1288,8449,7327,321,1586,1858,0,605,763,0,105,0,3217,46,4512,327,30404
2026/9/5,17:30,30619,1289,8543,7328,321,1576,1869,0,606,146,0,101,0,4067,63,4380,329,30618
2026/9/5,18:00,30915,1288,8820,7327,324,1573,1889,0,609,0,0,115,0,3874,53,4711,333,30916
2026/9/5,18:30,30867,1288,8599,7336,322,1589,1890,0,609,0,0,119,0,3504,53,5223,335,30867
2026/9/5,19:00,30425,1288,8520,7329,323,1607,1870,0,609,0,0,147,0,3455,36,4925,316,30425
2026/9/5,19:30,29849,1288,8086,7333,323,1617,1864,0,609,0,0,133,0,2976,29,5268,326,29852
2026/9/5,20:00,29288,1287,7988,7330,324,1603,1741,0,610,0,0,153,0,2352,28,5542,330,29288
2026/9/5,20:30,28681,1288,8331,7332,323,1635,1732,0,611,0,0,140,0,1611,22,5320,335,28680
2026/9/5,21:00,28002,1288,8682,7333,322,1615,1698,0,610,0,0,154,0,530,7,5436,329,28004
2026/9/5,21:30,27224,1289,8512,7334,322,1632,1661,0,610,0,0,142,0,202,2,5252,265,27223
2026/9/5,22:00,26693,1290,8147,7259,266,1618,1538,0,610,0,0,152,0,2,2,5531,277,26692
2026/9/5,22:30,26124,1291,8113,7145,223,1615,1491,0,610,0,0,152,0,0,1,5192,291,26124
2026/9/5,23:00,25725,1292,7824,7209,222,1577,1468,0,610,0,0,153,0,0,8,5095,267,25725
2026/9/5,23:30,24891,1292,7819,6793,223,1562,1453,0,610,0,0,157,0,0,2,4697,285,24893
2026/9/6,0:00,23919,1291,7829,7118,223,1603,1463,0,468,0,0,158,0,-126,6,3599,286,23918
2026/9/6,0:30,23089,1292,7715,6278,222,1611,1465,0,467,0,0,154,0,-201,0,3789,294,23086
2026/9/6,1:00,22482,1291,7604,6101,223,1590,1474,0,468,0,0,160,0,-583,0,3881,273,22482
2026/9/6,1:30,21996,1292,7554,5999,223,1591,1475,0,469,0,0,163,0,-2141,1,5094,277,21997
2026/9/6,2:00,21656,1293,7744,5916,222,1574,1470,0,468,0,0,168,0,-2710,0,5207,304,21656
2026/9/6,2:30,21704,1293,7813,6082,223,1548,1489,0,468,0,0,166,0,-2738,0,5053,307,21704
2026/9/6,3:00,21683,1293,7505,6453,223,1590,1504,0,469,0,0,171,0,-2509,2,4677,305,21683
2026/9/6,3:30,21795,1294,7545,6055,222,1614,1504,0,457,0,0,172,0,-2492,1,5119,303,21794
2026/9/6,4:00,21847,1293,7532,6752,223,1610,1491,0,470,0,0,184,0,-2493,3,4483,297,21845
2026/9/6,4:30,21893,1293,7524,6759,222,1594,1491,0,470,0,0,186,0,-2489,7,4561,275,21893
2026/9/6,5:00,21819,1293,7477,7032,223,1587,1486,0,456,1,0,184,0,-2489,22,4318,230,21820
2026/9/6,5:30,21875,1293,7325,7085,221,1590,1489,0,470,114,0,195,0,-2477,0,4266,302,21873
2026/9/6,6:00,22033,1294,7287,6648,222,1588,1492,0,472,305,0,200,0,-1487,0,3703,309,22033
2026/9/6,6:30,21986,1294,7468,6661,222,1588,1504,0,472,498,0,199,0,-1326,0,3124,283,21987
2026/9/6,7:00,22520,1294,7460,6550,221,1585,1477,0,469,684,0,202,0,-544,0,2935,186,22519
2026/9/6,7:30,23176,1294,7431,6449,222,1608,1440,0,468,765,0,206,0,-950,1,3974,269,23177
2026/9/6,8:00,24115,1294,7448,6433,222,1593,1436,0,468,809,0,205,0,-1221,2,5141,287,24117
2026/9/6,8:30,24762,1293,7509,6365,221,1586,1429,0,467,951,0,204,0,-1221,1,5670,287,24762
2026/9/6,9:00,25712,1294,7692,6624,223,1568,1419,0,467,1125,0,205,0,-1219,2,5993,320,25713
2026/9/6,9:30,26217,1293,7907,6770,223,1565,1403,0,466,1212,0,210,0,-1323,5,6166,319,26216
2026/9/6,10:00,26778,1293,7995,6910,222,1531,1408,0,465,1264,0,214,0,-964,7,6126,307,26778
2026/9/6,10:30,27065,1294,7696,6940,223,1569,1406,0,464,1227,0,220,0,-410,7,6116,313,27065
2026/9/6,11:00,27181,1294,7594,6979,223,1600,1418,0,466,1120,0,233,0,-2,6,5931,319,27181
2026/9/6,11:30,27405,1294,7587,6957,222,1626,1433,0,464,1169,0,230,0,0,7,6095,322,27406
2026/9/6,12:00,27703,1294,7541,7264,224,1600,1440,0,463,1068,0,221,0,146,8,6119,316,27704
2026/9/6,12:30,27554,1293,7520,7303,224,1594,1427,0,463,885,0,206,0,213,7,6105,315,27555
2026/9/6,13:00,27712,1292,7839,7381,223,1590,1478,0,462,806,0,199,0,69,8,6066,300,27713
2026/9/6,13:30,27628,1293,7515,7673,223,1613,1527,0,463,704,0,204,0,0,12,6091,309,27627
2026/9/6,14:00,27630,1292,7592,7755,224,1594,1565,0,462,589,0,193,0,0,11,6058,296,27631
2026/9/6,14:30,27633,1293,7827,7862,223,1579,1603,0,463,481,0,183,0,0,10,5809,300,27633
2026/9/6,15:00,27454,1293,7598,7934,224,1621,1775,0,463,391,0,180,0,336,4,5321,314,27454
2026/9/6,15:30,27569,1293,7731,7935,223,1619,1805,0,463,290,0,201,0,509,6,5184,309,27568
2026/9/6,16:00,27852,1293,7767,7934,223,1612,1837,0,464,205,0,200,0,727,14,5254,322,27852
2026/9/6,16:30,28260,1293,7891,7937,223,1657,1887,0,464,126,0,202,0,992,30,5240,316,28258
2026/9/6,17:00,28749,1292,8022,7936,223,1616,2058,0,465,64,0,230,0,1630,50,4838,324,28748
2026/9/6,17:30,29414,1293,8029,7934,223,1612,2078,0,466,18,0,234,0,1663,62,5474,328,29414
2026/9/6,18:00,29728,1292,8105,7930,223,1628,2100,0,468,0,0,235,0,1632,61,5724,331,29729
2026/9/6,18:30,29748,1293,7917,7935,223,1637,2109,0,468,0,0,246,0,1684,63,5837,336,29748
2026/9/6,19:00,29386,1294,7928,7937,223,1577,2116,0,469,0,0,266,0,1698,48,5507,324,29387
2026/9/6,19:30,29113,1294,8007,7933,223,1569,2115,0,469,0,0,267,0,1265,33,5607,332,29114
2026/9/6,20:00,28585,1294,7779,7932,223,1573,2068,0,469,0,0,265,0,1015,16,5626,325,28585
2026/9/6,20:30,28162,1294,7879,7616,223,1616,2069,0,470,0,0,275,0,490,10,5889,332,28163
2026/9/6,21:00,27547,1294,8024,7343,223,1602,2067,0,471,0,0,271,0,284,1,5634,333,27547
2026/9/6,21:30,26878,1293,7759,7248,224,1420,2035,0,471,0,0,284,0,108,11,5708,318,26879
2026/9/6,22:00,26474,1293,7807,7197,225,1286,1999,0,471,0,0,288,0,0,5,5661,241,26473
2026/9/6,22:30,25930,1293,7380,6859,224,1304,1981,0,471,0,0,300,0,-169,10,6024,254,25931
2026/9/6,23:00,25555,1294,7438,7068,225,1305,1982,0,471,0,0,308,0,142,8,5066,249,25556
2026/9/6,23:30,24742,1294,7309,7057,226,1319,1985,0,471,0,0,320,0,-262,4,4753,266,24742
2026/9/7,0:00,24059,1294,7821,6608,225,1341,1950,0,467,0,0,287,0,-566,5,4337,290,24059
2026/9/7,0:30,23170,1294,7272,6434,225,1368,1955,0,467,0,0,281,0,-829,0,4451,252,23170
2026/9/7,1:00,22685,1294,7330,6378,226,1384,1966,0,467,0,0,273,0,-1202,1,4281,287,22685
2026/9/7,1:30,22355,1293,7395,6226,226,1393,1961,0,468,0,0,246,0,-1525,0,4379,293,22355
2026/9/7,2:00,22087,1294,7649,6225,227,1354,1956,0,468,0,0,243,0,-2169,1,4546,294,22088
2026/9/7,2:30,22141,1293,7554,6223,226,1382,1988,0,467,0,0,249,0,-2172,0,4633,297,22140
2026/9/7,3:00,22384,1294,7284,6224,226,1402,1988,0,469,0,0,272,0,-2293,0,5218,300,22384
2026/9/7,3:30,22564,1294,7458,6268,226,1394,1979,0,456,0,0,282,0,-2482,1,5392,294,22562
2026/9/7,4:00,22818,1294,7607,6221,225,1411,1979,0,469,0,0,321,0,-1436,3,4430,293,22817
2026/9/7,4:30,23077,1295,7700,6351,224,1378,1977,0,469,0,0,321,0,-1114,4,4208,263,23076
2026/9/7,5:00,23586,1295,8205,6423,222,1334,1967,0,455,1,0,330,0,-952,2,4073,232,23587
2026/9/7,5:30,24022,1294,8410,6543,218,1334,1962,0,468,96,0,336,0,-1019,2,4120,257,24021
2026/9/7,6:00,24769,1294,8799,6973,211,1362,1952,0,470,174,0,340,0,-1290,3,4255,227,24770
2026/9/7,6:30,25717,1294,9317,6972,214,1316,1941,0,470,312,0,347,0,-989,1,4302,220,25717
2026/9/7,7:00,26779,1294,9681,6976,213,1277,1908,0,468,506,0,371,0,-307,2,4126,262,26777
2026/9/7,7:30,27840,1295,10099,6974,267,1246,1875,0,467,746,0,357,0,0,2,4295,218,27841
2026/9/7,8:00,29632,1295,11221,6972,304,1278,1839,0,464,1304,0,337,0,0,0,4334,283,29631
2026/9/7,8:30,31661,1295,12889,6966,302,1338,1789,0,460,2067,0,354,0,0,12,3902,287,31661
2026/9/7,9:00,33159,1295,13308,6965,298,1363,1782,0,458,2662,0,322,0,6,6,4397,297,33159
2026/9/7,9:30,34024,1295,12753,6969,295,1342,1799,0,458,3364,0,328,0,248,3,4851,319,34024
2026/9/7,10:00,35144,1294,13459,6970,293,1347,1788,0,456,4202,0,348,0,248,2,4421,317,35145
2026/9/7,10:30,35880,1294,13754,6966,291,1311,1775,0,456,4216,0,321,0,248,2,4919,327,35880
2026/9/7,11:00,35790,1294,13556,6968,289,1313,1766,0,457,3797,0,285,0,248,19,5494,305,35791
2026/9/7,11:30,35625,1294,14066,6971,287,1360,1767,0,456,3631,0,231,0,268,7,4979,308,35625
2026/9/7,12:00,34894,1295,13439,6972,284,1383,1753,0,456,3248,0,223,0,362,2,5173,305,34895
2026/9/7,12:30,34738,1295,14202,6966,278,1349,1736,0,456,2723,0,236,0,325,0,4865,307,34738
2026/9/7,13:00,35705,1295,14644,6966,275,1263,1730,0,454,2127,0,262,0,1043,4,5356,288,35707
2026/9/7,13:30,35665,1295,15006,6971,273,1243,1758,0,454,1519,0,270,0,1143,8,5440,285,35665
2026/9/7,14:00,35829,1294,15501,6965,276,1260,1857,0,453,1156,0,288,0,712,15,5767,285,35829
2026/9/7,14:30,35580,1294,15773,6968,280,1289,1904,0,454,900,0,296,0,413,20,5706,284,35581
2026/9/7,15:00,35324,1294,16605,6967,279,1292,1877,0,457,728,0,309,0,601,7,4619,289,35324
2026/9/7,15:30,35612,1294,17186,6978,277,1265,1879,0,458,548,0,323,0,712,14,4397,282,35613
2026/9/7,16:00,35679,1294,16897,6972,276,1261,2149,0,460,381,0,314,0,917,35,4428,295,35679
2026/9/7,16:30,35470,1295,17089,6973,276,1241,2163,0,460,272,0,280,0,1288,44,3800,289,35470
2026/9/7,17:00,35146,1295,16284,6971,274,1244,2153,0,463,125,0,289,0,1983,50,3715,301,35147
2026/9/7,17:30,35249,1295,15536,6972,274,1246,2160,0,464,30,0,270,0,3129,61,3524,288,35249
2026/9/7,18:00,35135,1295,15441,6975,274,1215,2151,0,466,0,0,269,0,3424,54,3270,300,35134
2026/9/7,18:30,34827,1293,15012,6972,274,1223,2125,0,468,0,0,278,0,3232,45,3600,305,34827
2026/9/7,19:00,34003,1294,15056,6972,273,1240,2115,0,467,0,0,285,0,2609,33,3371,289,34004
2026/9/7,19:30,33227,1293,14326,6979,275,1236,2109,0,468,0,0,282,0,2105,30,3821,305,33229
2026/9/7,20:00,32352,1293,13408,6979,223,1233,1855,0,469,0,0,282,0,2177,15,4116,302,32352
2026/9/7,20:30,31655,1294,13045,6978,179,1249,1858,0,469,0,0,289,0,1847,9,4120,318,31655
2026/9/7,21:00,30807,1294,13442,6980,180,1272,1861,0,471,0,0,286,0,785,1,3918,317,30807
2026/9/7,21:30,29856,1294,12719,6976,180,1285,1836,0,470,0,0,285,0,125,7,4372,306,29855
2026/9/7,22:00,29350,1294,12730,6972,179,1253,1745,0,470,0,0,273,0,0,4,4134,295,29349
2026/9/7,22:30,28750,1294,12135,6967,180,1234,1725,0,470,0,0,250,0,0,0,4181,314,28750
2026/9/7,23:00,28113,1294,11678,6973,179,1278,1703,0,470,0,0,246,0,0,2,4010,281,28114
2026/9/7,23:30,27152,1294,10877,6972,179,1267,1690,0,471,0,0,233,0,-192,0,4059,302,27152
2026/9/8,0:00,26004,1293,10349,6970,181,1248,1713,0,467,0,0,223,0,-874,2,4122,309,26003
2026/9/8,0:30,25119,1294,10221,6969,180,1261,1712,0,467,0,0,214,0,-1485,2,4000,284,25119
2026/9/8,1:00,24543,1294,10008,6973,180,1280,1718,0,467,0,0,212,0,-1941,2,4033,316,24542
2026/9/8,1:30,24046,1294,9845,6969,180,1249,1725,0,469,0,0,207,0,-2271,0,4055,324,24046
2026/9/8,2:00,23874,1294,10107,6932,180,1266,1728,0,468,0,0,201,0,-2720,0,4093,324,23873
2026/9/8,2:30,23741,1294,10221,6928,180,1152,1743,0,467,0,0,183,0,-2840,1,4087,324,23740
2026/9/8,3:00,23854,1293,10462,6930,181,1140,1755,0,470,0,0,168,0,-2831,0,3959,327,23854
2026/9/8,3:30,23855,1294,10507,6926,180,1126,1756,0,456,0,0,143,0,-2826,0,3975,318,23855
2026/9/8,4:00,24049,1294,10156,6929,181,1127,1746,0,469,0,0,148,0,-2530,0,4218,310,24048
2026/9/8,4:30,24225,1294,10395,6939,181,1167,1758,0,470,0,0,136,0,-2770,0,4371,285,24226
2026/9/8,5:00,24604,1295,10810,6930,181,1181,1750,0,456,0,0,115,0,-2601,0,4234,254,24605
2026/9/8,5:30,24704,1295,10637,6853,180,1182,1758,0,469,122,0,110,0,-2552,0,4393,256,24703
2026/9/8,6:00,25419,1295,10868,6782,180,1216,1821,0,470,546,0,97,0,-2646,0,4496,293,25418
2026/9/8,6:30,26465,1295,11405,6784,180,1126,1817,0,470,1164,0,86,0,-2724,0,4612,249,26464
2026/9/8,7:00,28108,1294,12306,6781,201,1132,1797,0,467,1777,0,72,0,-2682,0,4685,277,28107
2026/9/8,7:30,29653,1294,12136,6779,255,1104,1774,0,466,2481,0,67,0,-2060,0,5051,305,29652
2026/9/8,8:00,31895,1294,12427,6775,273,1160,1786,0,462,3261,0,54,0,-256,1,4357,299,31893
2026/9/8,8:30,33985,1294,13306,6779,271,1176,1786,0,458,4121,0,55,0,0,20,4406,314,33986
2026/9/8,9:00,35431,1295,14201,6821,271,1228,1782,0,457,4706,0,46,0,0,0,4324,300,35431
2026/9/8,9:30,36161,1295,14196,6866,271,1216,1765,0,456,5372,0,49,0,0,1,4350,323,36160
2026/9/8,10:00,37035,1295,13805,6963,271,1159,1757,0,455,6441,0,65,0,162,4,4368,291,37036
2026/9/8,10:30,37627,1295,13383,6979,270,1165,1754,0,455,6942,0,62,0,743,3,4265,310,37626
2026/9/8,11:00,38138,1294,13840,6977,271,1165,1774,0,456,7185,0,69,0,615,8,4164,319,38137
2026/9/8,11:30,38661,1294,14209,6977,270,1150,1806,0,456,7218,0,62,0,618,8,4273,319,38660
2026/9/8,12:00,38515,1294,15152,6975,270,1152,1820,0,456,6780,0,58,0,197,4,4043,315,38516
2026/9/8,12:30,38447,1294,16229,6970,270,1151,1833,0,453,5800,0,53,0,194,3,3885,313,38448
2026/9/8,13:00,39607,1294,17575,6971,270,1156,1890,0,452,5001,0,54,0,567,5,4059,314,39608
2026/9/8,13:30,39791,1295,17180,6970,270,1127,1914,0,453,4295,0,77,0,1006,15,4873,315,39790
2026/9/8,14:00,39752,1295,17526,6972,269,1134,1923,0,453,3549,0,69,0,1467,21,4756,320,39754
2026/9/8,14:30,40035,1295,18006,6970,273,1219,1959,0,454,2999,0,71,0,1630,26,4814,319,40035
2026/9/8,15:00,39863,1295,18051,6968,274,1235,2111,0,455,2161,0,61,0,2465,13,4453,320,39862
2026/9/8,15:30,40124,1294,18548,6965,273,1300,2140,0,455,1471,0,61,0,2974,16,4308,318,40123
2026/9/8,16:00,40150,1294,18456,6967,273,1309,2656,0,458,888,0,63,0,2615,36,4826,307,40148
2026/9/8,16:30,39879,1294,18840,6967,274,1308,2663,0,459,468,0,65,0,2578,39,4620,305,39880
2026/9/8,17:00,39227,1293,19062,6969,274,1349,2604,0,462,170,0,62,0,2063,34,4582,302,39226
2026/9/8,17:30,39152,1294,19079,6969,274,1344,2617,0,463,29,0,70,0,1831,41,4849,291,39151
2026/9/8,18:00,38840,1295,19234,6967,275,1344,2627,0,466,0,0,75,0,1396,37,4817,309,38842
2026/9/8,18:30,38478,1295,19242,6971,275,1357,2624,0,468,0,0,73,0,1055,41,4771,306,38478
2026/9/8,19:00,37672,1295,18639,6965,274,1368,2632,0,468,0,0,77,0,896,22,4747,288,37671
2026/9/8,19:30,36854,1295,17975,6970,274,1373,2618,0,468,0,0,76,0,515,23,4957,309,36853
2026/9/8,20:00,35964,1294,16959,6971,222,1379,2250,0,469,0,0,82,0,182,18,5837,301,35964
2026/9/8,20:30,35247,1294,16472,6976,179,1379,2228,0,470,0,0,90,0,123,10,5707,319,35247
2026/9/8,21:00,34301,1293,16243,6974,180,1352,2049,0,471,0,0,85,0,84,0,5260,310,34301
2026/9/8,21:30,33163,1294,14735,6973,180,1364,2026,0,470,0,0,113,0,0,2,5692,313,33162
2026/9/8,22:00,32607,1294,15063,6971,180,1370,1833,0,470,0,0,115,0,0,6,5024,282,32608
2026/9/8,22:30,31776,1294,14452,6971,179,1389,1792,0,471,0,0,121,0,0,6,4864,238,31777
2026/9/8,23:00,30996,1295,12889,6972,179,1376,1781,0,470,0,0,124,0,0,6,5642,263,30997
2026/9/8,23:30,29893,1295,12092,6974,179,1339,1769,0,472,0,0,103,0,0,6,5420,244,29893
2026/9/9,0:00,28900,1294,12096,6969,180,1365,1728,0,460,0,0,204,0,0,4,4365,236,28901
2026/9/9,0:30,27803,1294,10773,6974,181,1443,1709,0,460,0,0,231,0,-105,7,4550,286,27803
2026/9/9,1:00,27274,1294,10674,6970,179,1417,1698,0,447,0,0,240,0,-338,0,4369,324,27274
2026/9/9,1:30,26695,1294,10049,6972,180,1403,1684,0,449,0,0,232,0,-618,0,4719,331,26695
2026/9/9,2:00,26371,1295,10023,6935,180,1401,1683,0,448,0,0,261,0,-1023,0,4836,333,26372
2026/9/9,2:30,26282,1295,9830,6927,180,1401,1683,0,461,0,0,251,0,-914,0,4836,333,26283
2026/9/9,3:00,26272,1295,10062,6927,179,1422,1683,0,450,0,0,259,0,-1015,0,4677,333,26272
2026/9/9,3:30,26208,1295,9896,6925,179,1425,1683,0,449,0,0,224,0,-1014,0,4819,326,26207
2026/9/9,4:00,26313,1295,10515,6924,179,1435,1677,0,463,0,0,230,0,-1376,0,4652,318,26312
2026/9/9,4:30,26476,1294,10775,6923,180,1441,1679,0,462,0,0,180,0,-1422,0,4675,289,26476
2026/9/9,5:00,26861,1295,11056,6923,179,1470,1662,0,448,0,0,149,0,-1212,1,4676,214,26861
2026/9/9,5:30,27141,1294,11192,6919,180,1451,1659,0,448,126,0,139,0,-1150,2,4608,273,27141
2026/9/9,6:00,28086,1295,11441,6921,180,1429,1654,0,462,486,0,133,0,-1146,7,4910,314,28086
2026/9/9,6:30,29579,1296,12096,6947,180,1419,1644,0,449,1131,0,127,0,-615,1,4634,270,29579
2026/9/9,7:00,31900,1296,12556,6960,200,1397,1622,0,446,2129,0,132,0,-102,4,5011,249,31900
2026/9/9,7:30,34203,1295,13591,6958,255,1433,1614,0,445,3259,0,137,0,445,4,4546,220,34202
2026/9/9,8:00,36760,1295,15324,6965,275,1435,1611,0,455,4092,0,143,0,291,11,4638,226,36761
2026/9/9,8:30,39667,1295,17633,6963,275,1415,1611,0,452,4959,0,151,0,264,23,4359,267,39667
2026/9/9,9:00,41295,1294,18255,6961,273,1382,1598,0,449,5289,0,162,0,392,2,4981,256,41294
2026/9/9,9:30,42659,1294,18187,6965,267,1383,1593,0,449,5835,0,173,0,478,14,5704,317,42659
2026/9/9,10:00,43080,1294,17704,6968,268,1380,1584,0,448,5892,0,159,0,966,9,6094,313,43079
2026/9/9,10:30,43485,1292,17888,6970,268,1441,1546,0,448,6111,0,184,0,909,8,6094,326,43485
2026/9/9,11:00,44022,1291,18383,6971,268,1436,1531,0,449,6271,0,191,0,731,22,6169,308,44021
2026/9/9,11:30,43986,1294,18003,6976,268,1411,1526,0,448,6271,0,188,0,1082,6,6201,312,43986
2026/9/9,12:00,43904,1294,17832,6980,270,1396,1551,0,448,6173,0,181,0,1107,5,6335,332,43904
2026/9/9,12:30,43637,1294,18518,6981,270,1399,1548,0,434,5101,0,158,0,1327,11,6267,330,43638
2026/9/9,13:00,43899,1292,18617,6979,270,1416,1536,0,446,4194,0,162,0,2606,21,6084,277,43900
2026/9/9,13:30,43888,1293,18884,6978,271,1433,1546,0,446,3598,0,159,0,2878,32,6060,309,43887
2026/9/9,14:00,44070,1291,19096,6980,274,1440,1948,0,446,2899,0,150,0,3243,32,5949,323,44071
2026/9/9,14:30,43046,1292,19037,6981,275,1445,1979,0,445,2031,0,156,0,3200,40,5848,315,43044
2026/9/9,15:00,41637,1293,18727,6980,275,1459,2169,0,447,1371,0,151,0,3008,17,5438,304,41639
2026/9/9,15:30,40791,1293,18433,6987,275,1454,2180,0,448,881,0,162,0,2830,14,5535,300,40792
2026/9/9,16:00,39806,1294,18586,6994,276,1434,2211,0,451,562,0,178,0,2661,20,4821,317,39805
2026/9/9,16:30,38812,1294,19042,6995,275,1435,2224,0,452,342,0,169,0,2258,31,3995,301,38813
2026/9/9,17:00,37849,1294,18898,7000,274,1439,2210,0,455,171,0,173,0,1684,32,3916,304,37850
2026/9/9,17:30,37304,1294,18436,7001,275,1458,2198,0,456,26,0,163,0,1657,40,4010,291,37305
2026/9/9,18:00,36729,1294,17722,7008,275,1498,2200,0,458,0,0,161,0,1590,28,4210,286,36730
2026/9/9,18:30,36043,1294,16893,7008,275,1407,2197,0,459,0,0,145,0,1786,24,4272,284,36044
2026/9/9,19:00,35032,1295,15937,6996,276,1366,2111,0,460,0,0,158,0,1749,24,4375,285,35032
2026/9/9,19:30,34022,1295,14886,7001,275,1372,2104,0,461,0,0,157,0,1246,17,4899,310,34023
2026/9/9,20:00,32980,1295,14248,7001,220,1360,2122,0,462,0,0,138,0,1337,13,4507,278,32981
2026/9/9,20:30,32137,1295,13626,7005,178,1348,2111,0,449,0,0,154,0,1184,10,4483,294,32137
2026/9/9,21:00,31078,1296,13176,7003,178,1319,1990,0,463,0,0,177,0,869,0,4323,284,31078
2026/9/9,21:30,30045,1294,12821,7001,180,1377,1974,0,463,0,0,170,0,146,5,4306,307,30044
2026/9/9,22:00,29330,1295,12519,7003,179,1409,1660,0,463,0,0,152,0,0,4,4400,246,29330
2026/9/9,22:30,28508,1294,11553,7003,179,1390,1633,0,450,0,0,132,0,0,0,4659,213,28506
2026/9/9,23:00,27917,1295,10769,7004,177,1372,1624,0,463,0,0,149,0,0,1,4870,192,27916
2026/9/9,23:30,26895,1296,9963,7007,177,1366,1610,0,464,0,0,144,0,-102,5,4747,217,26894
2026/9/10,0:00,25812,1296,9425,7006,177,1382,1554,0,448,0,0,176,0,-623,1,4760,210,25812
2026/9/10,0:30,24926,1296,8624,7006,177,1354,1561,0,461,0,0,187,0,-1105,0,5188,175,24924
2026/9/10,1:00,24242,1296,8357,7009,177,1368,1558,0,449,0,0,171,0,-1767,0,5412,211,24241
2026/9/10,1:30,23778,1296,8651,7003,178,1373,1560,0,449,0,0,159,0,-2137,0,5023,222,23777
2026/9/10,2:00,23453,1296,8277,7006,179,1396,1561,0,448,0,0,158,0,-2386,0,5296,223,23454
2026/9/10,2:30,23264,1296,8483,6981,179,1359,1564,0,448,0,0,148,0,-2866,0,5452,220,23264
2026/9/10,3:00,23336,1296,8894,6980,178,1367,1569,0,450,0,0,145,0,-3055,0,5290,220,23334
2026/9/10,3:30,23393,1296,8894,6980,179,1357,1565,0,451,0,0,136,0,-3055,0,5374,216,23393
2026/9/10,4:00,23502,1296,8962,6979,179,1355,1489,0,450,0,0,137,0,-2580,8,5015,210,23500
2026/9/10,4:30,23669,1296,8841,6984,179,1336,1488,0,451,0,0,136,0,-2540,8,5301,188,23668
2026/9/10,5:00,24029,1297,8771,6986,179,1332,1475,0,450,0,0,133,0,-1832,4,5035,200,24030
2026/9/10,5:30,24280,1297,8655,6983,178,1330,1471,0,445,98,0,131,0,-1441,3,4943,187,24280
2026/9/10,6:00,24806,1297,9142,7009,179,1312,1477,0,444,265,0,125,0,-1436,2,4790,201,24807
2026/9/10,6:30,25524,1297,9108,7009,180,1346,1496,0,444,537,0,127,0,-1053,1,4808,225,25525
2026/9/10,7:00,26534,1297,9058,7013,199,1377,1491,0,443,1032,0,130,0,-1001,1,5171,323,26534
2026/9/10,7:30,27644,1297,9169,7008,253,1410,1490,0,445,1740,0,129,0,-237,0,4654,287,27645
2026/9/10,8:00,28882,1297,9391,7008,277,1416,1569,0,456,2362,0,138,0,-231,5,4880,315,28883
2026/9/10,8:30,30563,1297,9846,6981,277,1413,1576,0,454,3302,0,139,0,-515,16,5450,326,30562
2026/9/10,9:00,31948,1297,10715,7016,277,1353,1609,0,451,3820,0,139,0,-368,4,5334,301,31948
2026/9/10,9:30,32824,1296,11190,7017,277,1329,1609,0,452,4129,0,127,0,99,3,4972,324,32824
2026/9/10,10:00,33224,1296,11325,7016,279,1333,1607,0,450,4245,0,117,0,106,1,5130,319,33224
2026/9/10,10:30,33085,1296,11116,7010,280,1317,1631,0,449,4105,0,119,0,99,0,5334,330,33086
2026/9/10,11:00,32983,1295,10619,7014,279,1321,1648,0,450,4341,0,106,0,61,2,5522,324,32982
2026/9/10,11:30,33398,1296,11353,7014,279,1331,1660,0,451,4617,0,110,0,-827,10,5780,324,33398
2026/9/10,12:00,32880,1296,11441,7017,278,1319,1594,0,451,4423,0,113,0,-897,0,5526,318,32879
2026/9/10,12:30,32320,1295,11513,7012,279,1359,1596,0,437,3765,0,96,0,-290,1,4932,325,32320
2026/9/10,13:00,33127,1295,13226,7009,278,1366,1586,0,449,3269,0,91,0,105,7,4124,322,33127
2026/9/10,13:30,33658,1295,14131,7010,278,1351,1614,0,448,2798,0,93,0,106,6,4207,323,33660
2026/9/10,14:00,33415,1294,14315,7008,277,1352,1617,0,448,2051,0,98,0,104,18,4511,322,33415
2026/9/10,14:30,33362,1294,14307,7009,279,1407,1619,0,448,1849,0,86,0,105,25,4607,326,33361
2026/9/10,15:00,33140,1295,14279,7009,279,1420,1660,0,448,1410,0,94,0,635,26,4266,320,33141
2026/9/10,15:30,33304,1295,14163,7015,279,1406,1693,0,449,1066,0,103,0,1163,33,4319,319,33303
2026/9/10,16:00,33358,1295,14386,7009,279,1397,1934,0,453,800,0,97,0,1196,55,4130,324,33355
2026/9/10,16:30,33147,1294,14981,7009,280,1394,1963,0,453,476,0,105,0,1191,54,3635,313,33148
2026/9/10,17:00,32838,1294,14207,7013,281,1401,2150,0,455,224,0,106,0,1274,61,4051,320,32837
2026/9/10,17:30,32991,1294,15035,7014,280,1411,2156,0,456,38,0,96,0,1368,55,3485,303,32991
2026/9/10,18:00,32915,1294,14812,7013,281,1445,2150,0,459,0,0,105,0,1583,55,3395,324,32916
2026/9/10,18:30,32577,1294,14395,7015,281,1398,2153,0,460,0,0,99,0,1512,30,3624,316,32577
2026/9/10,19:00,31842,1294,13751,7010,281,1366,2164,0,460,0,0,103,0,892,31,4184,306,31842
2026/9/10,19:30,31203,1295,13510,7014,282,1380,2163,0,461,0,0,104,0,284,23,4363,325,31204
2026/9/10,20:00,30304,1294,12686,7008,225,1409,1943,0,462,0,0,105,0,211,12,4657,292,30304
2026/9/10,20:30,29647,1295,12475,7012,182,1356,1938,0,449,0,0,94,0,211,9,4312,313,29646
2026/9/10,21:00,28787,1294,11760,7009,181,1347,1722,0,451,0,0,78,0,210,2,4427,305,28786
2026/9/10,21:30,28000,1294,10854,7015,182,1367,1721,0,463,0,0,79,0,234,2,4477,313,28001
2026/9/10,22:00,27544,1295,10389,7009,181,1390,1682,0,463,0,0,79,0,213,9,4581,254,27545
2026/9/10,22:30,26787,1295,9795,7011,181,1409,1658,0,450,0,0,63,0,94,0,4621,211,26788
2026/9/10,23:00,26432,1295,9426,7048,181,1429,1650,0,463,0,0,68,0,0,0,4669,203,26432
2026/9/10,23:30,25634,1295,8640,7132,182,1484,1626,0,464,0,0,70,0,-2,0,4519,224,25634
2026/9/11,0:00,24700,1295,8855,7059,181,1480,1658,0,438,0,0,49,0,-448,4,3983,148,24702
2026/9/11,0:30,23806,1294,8731,6435,181,1513,1658,0,450,0,0,52,0,-1071,2,4377,183,23805
2026/9/11,1:00,23277,1295,8593,6187,180,1485,1654,0,438,0,0,45,0,-1322,0,4502,219,23276
2026/9/11,1:30,22900,1294,8667,5962,180,1483,1685,0,439,0,0,48,0,-1348,0,4261,228,22899
2026/9/11,2:00,22624,1295,8277,5912,181,1494,1682,0,437,0,0,47,0,-1360,0,4432,227,22624
2026/9/11,2:30,22629,1295,8339,5961,181,1546,1677,0,437,0,0,47,0,-1634,0,4558,223,22630
2026/9/11,3:00,22815,1295,8767,6003,181,1539,1678,0,439,0,0,47,0,-1638,0,4279,225,22815
2026/9/11,3:30,22928,1295,8743,6099,180,1495,1596,0,439,0,0,48,0,-1402,1,4208,225,22927
2026/9/11,4:00,23082,1295,8892,6101,180,1487,1581,0,438,0,0,53,0,-1363,1,4201,215,23081
2026/9/11,4:30,23243,1295,8933,6101,181,1480,1584,0,438,0,0,55,0,-1113,0,4098,191,23243
2026/9/11,5:00,23667,1296,9038,6212,181,1483,1584,0,439,0,0,59,0,-889,2,4053,208,23666
2026/9/11,5:30,24046,1295,8797,6248,180,1509,1596,0,438,89,0,46,0,-695,1,4276,267,24047
2026/9/11,6:00,24933,1295,9356,6327,182,1487,1599,0,439,220,0,44,0,-694,20,4390,267,24932
2026/9/11,6:30,25953,1296,9696,6626,182,1542,1605,0,452,416,0,48,0,-660,21,4484,246,25954
2026/9/11,7:00,27166,1296,9911,6784,203,1571,1596,0,437,695,0,41,0,-65,21,4357,318,27165
2026/9/11,7:30,28192,1296,10512,7163,256,1538,1597,0,437,864,0,53,0,0,18,4185,274,28193
2026/9/11,8:00,29491,1296,11735,7106,282,1530,1679,0,455,1038,0,61,0,0,33,3963,312,29490
2026/9/11,8:30,30760,1296,12603,7077,282,1527,1691,0,450,1451,0,49,0,63,29,3928,313,30759
2026/9/11,9:00,31767,1295,12961,7078,282,1542,1710,0,445,2025,0,61,0,518,2,3551,295,31765
2026/9/11,9:30,32201,1296,13321,7076,281,1548,1702,0,444,2353,0,58,0,618,6,3181,317,32201
2026/9/11,10:00,32630,1295,12778,7077,282,1581,1698,0,443,2722,0,62,0,1377,26,2986,305,32632
2026/9/11,10:30,32623,1296,12838,7078,284,1545,1677,0,441,2678,0,61,0,1253,14,3139,320,32624
2026/9/11,11:00,32761,1296,12795,7078,281,1535,1688,0,443,2870,0,62,0,933,2,3469,310,32762
2026/9/11,11:30,32927,1296,12462,7075,282,1536,1618,0,444,2887,0,62,0,1031,15,3895,325,32928
2026/9/11,12:00,32014,1296,12735,7072,282,1595,1623,0,443,2549,0,51,0,-168,1,4235,300,32014
2026/9/11,12:30,31686,1296,13070,7071,281,1568,1622,0,430,2217,0,37,0,-536,2,4313,314,31685
2026/9/11,13:00,32036,1295,13156,7068,281,1589,1610,0,441,1953,0,53,0,-60,9,4327,313,32035
2026/9/11,13:30,32197,1295,12536,7071,281,1606,1616,0,442,1939,0,56,0,679,15,4350,311,32197
2026/9/11,14:00,32248,1295,12848,7070,283,1600,1616,0,441,1705,0,62,0,622,14,4375,317,32248
2026/9/11,14:30,32225,1295,13149,7065,281,1580,1624,0,441,1418,0,61,0,594,19,4372,325,32224
2026/9/11,15:00,32061,1296,12463,7069,282,1585,1833,0,444,1219,0,66,0,1134,14,4343,313,32061
2026/9/11,15:30,32348,1295,13181,7065,282,1570,1866,0,444,920,0,68,0,1044,15,4290,306,32346
2026/9/11,16:00,32602,1295,13281,7067,282,1546,2050,0,447,568,0,62,0,1393,27,4270,314,32602
2026/9/11,16:30,32380,1296,13112,7070,282,1556,2084,0,447,302,0,56,0,1697,22,4149,306,32379
2026/9/11,17:00,32064,1295,12809,7067,282,1557,2100,0,450,111,0,56,0,1898,35,4080,323,32063
2026/9/11,17:30,32275,1295,13297,7065,282,1552,2122,0,450,17,0,56,0,2037,45,3747,309,32274
2026/9/11,18:00,32178,1295,13184,7069,282,1573,2127,0,452,0,0,54,0,2020,41,3782,299,32178
2026/9/11,18:30,31956,1294,13126,7074,282,1566,2133,0,452,0,0,55,0,1623,40,4014,297,31956
2026/9/11,19:00,31165,1295,12836,7076,282,1564,2152,0,452,0,0,56,0,966,32,4146,308,31165
2026/9/11,19:30,30477,1296,12132,7078,282,1604,2152,0,453,0,0,52,0,731,23,4355,320,30478
2026/9/11,20:00,29703,1296,11441,7076,226,1585,2020,0,454,0,0,51,0,853,20,4383,297,29702
2026/9/11,20:30,29124,1295,11029,7076,183,1551,2011,0,441,0,0,34,0,810,27,4356,309,29122
2026/9/11,21:00,28331,1296,10749,7076,184,1564,1804,0,455,0,0,38,0,563,0,4296,306,28331
2026/9/11,21:30,27619,1294,10180,7076,184,1550,1805,0,454,0,0,38,0,394,1,4322,322,27620
2026/9/11,22:00,27202,1295,9734,7079,184,1536,1750,0,440,0,0,30,0,290,14,4612,239,27203
2026/9/11,22:30,26610,1295,9489,7077,183,1551,1705,0,441,0,0,30,0,70,0,4561,208,26610
2026/9/11,23:00,26109,1295,9269,6900,183,1537,1704,0,441,0,0,32,0,0,3,4556,188,26108
2026/9/11,23:30,25560,1296,9066,6609,184,1491,1698,0,441,0,0,28,0,-2,0,4536,213,25560
2026/9/12,0:00,24838,1296,8489,6444,183,1537,1609,0,504,0,0,26,0,-11,4,4602,155,24838
2026/9/12,0:30,23863,1296,7720,6239,183,1492,1612,0,505,0,0,32,0,-500,1,5086,197,23863
2026/9/12,1:00,23295,1297,7486,6150,182,1544,1616,0,506,0,0,33,0,-695,2,4942,232,23295
2026/9/12,1:30,22895,1296,7195,6065,182,1523,1639,0,507,0,0,34,0,-949,2,5169,231,22894
2026/9/12,2:00,22678,1295,7493,5904,181,1538,1634,0,506,0,0,40,0,-1159,1,5007,237,22677
2026/9/12,2:30,22618,1295,7494,5903,183,1541,1630,0,506,0,0,50,0,-941,6,4714,237,22618
2026/9/12,3:00,22691,1296,7684,5900,181,1547,1633,0,507,0,0,61,0,-938,1,4584,237,22693
2026/9/12,3:30,22760,1297,7751,5900,182,1548,1632,0,508,0,0,50,0,-939,1,4599,231,22760
2026/9/12,4:00,22786,1297,7889,5858,181,1514,1553,0,507,0,0,52,0,-694,0,4402,227,22786
2026/9/12,4:30,22835,1297,7868,5648,181,1512,1549,0,506,0,0,60,0,-700,0,4709,204,22834
2026/9/12,5:00,22912,1297,8169,5287,181,1509,1536,0,508,0,0,66,0,-698,0,4843,215,22913
2026/9/12,5:30,22749,1297,7834,5054,181,1515,1533,0,507,97,0,68,0,-707,1,5174,197,22751
2026/9/12,6:00,22845,1295,7930,4617,181,1517,1540,0,508,379,0,69,0,-967,1,5493,281,22844
2026/9/12,6:30,23014,1296,7982,4417,181,1493,1560,0,521,788,0,75,0,-665,1,5060,305,23014
2026/9/12,7:00,23729,1295,8085,4324,182,1483,1530,0,505,1420,0,64,0,-254,1,4847,247,23729
2026/9/12,7:30,24514,1295,8264,4163,181,1459,1530,0,505,2037,0,58,0,-257,1,4970,307,24513
2026/9/12,8:00,25326,1297,8375,4014,181,1457,1599,0,502,2413,0,63,0,-606,11,5737,284,25327
2026/9/12,8:30,26079,1297,7660,4027,181,1442,1598,0,504,3096,0,80,0,-8,13,5904,283,26077
2026/9/12,9:00,26719,1297,7753,4225,181,1443,1582,0,506,3733,0,82,0,-6,3,5642,279,26720
2026/9/12,9:30,27581,1297,7491,4897,181,1445,1574,0,510,4524,0,86,0,75,2,5226,275,27583
2026/9/12,10:00,28276,1296,6960,5584,181,1441,1555,0,509,5228,0,89,0,-212,2,5322,321,28276
2026/9/12,10:30,28416,1296,6838,6086,182,1458,1553,0,509,5406,0,70,0,-829,2,5521,325,28417
2026/9/12,11:00,28522,1296,6738,6180,182,1512,1552,0,513,5742,0,87,0,-1593,2,5988,324,28523
2026/9/12,11:30,28812,1296,7338,6290,182,1508,1477,0,513,6130,0,82,0,-1834,13,5489,328,28812
2026/9/12,12:00,28610,1296,7096,6371,183,1489,1482,0,513,6148,0,80,0,-1977,0,5607,323,28611
2026/9/12,12:30,28273,1297,6893,6321,182,1501,1486,0,500,6269,0,74,0,-2069,0,5497,321,28272
2026/9/12,13:00,28812,1297,7085,6514,182,1470,1505,0,514,6226,0,78,0,-2074,2,5688,327,28814
2026/9/12,13:30,29002,1297,7096,6583,183,1448,1511,0,513,5730,0,62,0,-849,1,5107,322,29004
2026/9/12,14:00,28846,1297,7087,6929,182,1446,1556,0,511,4614,0,73,0,154,2,4672,324,28847
2026/9/12,14:30,29057,1296,7630,6507,181,1461,1577,0,512,3791,0,75,0,-369,4,6063,329,29057
2026/9/12,15:00,29115,1296,7985,6992,181,1494,1672,0,514,2854,0,72,0,119,3,5611,322,29115
2026/9/12,15:30,29167,1296,8047,7064,181,1471,1695,0,514,1930,0,80,0,720,6,5846,317,29167
2026/9/12,16:00,29079,1296,8066,7073,181,1497,1912,0,516,1183,0,84,0,919,19,6019,315,29080
2026/9/12,16:30,29053,1296,8484,7063,182,1499,1984,0,515,570,0,73,0,1195,29,5854,309,29053
2026/9/12,17:00,29228,1296,8925,7070,181,1503,2145,0,519,175,0,77,0,1910,53,5068,306,29228
2026/9/12,17:30,29678,1295,9198,7068,181,1531,2151,0,518,20,0,71,0,2152,54,5129,311,29679
2026/9/12,18:00,29840,1295,9439,7067,181,1518,2166,0,522,0,0,70,0,2413,67,4794,309,29841
2026/9/12,18:30,29726,1294,9194,7072,181,1476,2174,0,522,0,0,73,0,2108,70,5249,313,29726
2026/9/12,19:00,29270,1294,9360,7071,181,1420,2060,0,523,0,0,75,0,2186,44,4739,318,29271
2026/9/12,19:30,28760,1293,9401,7068,182,1344,1978,0,523,0,0,76,0,1684,31,4853,326,28759
2026/9/12,20:00,28118,1294,9017,7070,181,1230,1826,0,524,0,0,75,0,1594,19,5012,276,28118
2026/9/12,20:30,27547,1294,8570,7067,182,1227,1827,0,524,0,0,79,0,1533,17,4945,284,27549
2026/9/12,21:00,26753,1294,8250,7071,182,1215,1728,0,524,0,0,78,0,1184,12,4935,280,26753
2026/9/12,21:30,26059,1295,7715,6992,182,1196,1683,0,524,0,0,71,0,545,5,5560,291,26059
2026/9/12,22:00,25755,1294,8041,6637,182,1218,1630,0,511,0,0,64,0,407,1,5491,279,25755
2026/9/12,22:30,25275,1295,7640,6743,182,1193,1590,0,510,0,0,65,0,390,6,5412,249,25275
2026/9/12,23:00,24914,1293,7289,6498,182,1158,1593,0,511,0,0,65,0,393,12,5651,267,24912
2026/9/12,23:30,24074,1294,6905,5891,182,1112,1593,0,511,0,0,67,0,389,4,5840,285,24073
2026/9/13,0:00,23215,1294,7547,5666,182,1116,1647,0,504,0,0,58,0,79,5,4815,301,23214
2026/9/13,0:30,22473,1295,7285,5636,182,1076,1654,0,504,0,0,58,0,-800,0,5296,288,22474
