model,split,min_rating,fit_seconds,hr@10,ndcg@10,hr@20,ndcg@20,hr@100,ndcg@100,mrr,sampled99_hr@10,sampled99_ndcg@10,n_eval_users,params
random,valid,,0.0,0.0043046357615894,0.0023174929356653,0.0069536423841059,0.0029686836285623,0.0276490066225165,0.006557619519847,0.0032936193491012,0.1021523178807947,0.0460041261609581,6040,"{""seed"": 42}"
random,test,,0.0,0.0031456953642384,0.0012565802174651,0.0067880794701986,0.0021575285585756,0.0301324503311258,0.0062174271939948,0.002410635184722,0.0990066225165562,0.0458611421159408,6040,"{""seed"": 42}"
most_popular,valid,,0.0,0.041887417218543,0.0205183409243433,0.0700331125827814,0.0275518185422525,0.2172185430463576,0.0535718522484362,0.0212082425516615,0.4592715231788079,0.2503714607275221,6040,{}
most_popular,test,,0.0,0.0352649006622516,0.0173967683679641,0.0640728476821192,0.0245998338205259,0.21341059602649,0.0510049929670261,0.0191571692476027,0.4433774834437086,0.23989261022556,6040,{}
random,valid,3.0,0.0,0.0024842663133487,0.0009998551505413,0.0054653858893673,0.0017530692009871,0.0294799602517389,0.0059278422844117,0.0022530324644291,0.0990394170255051,0.0448917994386395,6038,"{""seed"": 42}"
random,test,3.0,0.0,0.0034779728386883,0.0013953509842952,0.0061278569062603,0.0020443080499644,0.0274925472010599,0.0057414744072499,0.0024300555737195,0.1063265982113282,0.0473579360711097,6038,"{""seed"": 42}"
most_popular,valid,3.0,0.0,0.0437230871149387,0.0213425941682984,0.0750248426631334,0.0291623897313956,0.2303742961245445,0.0564685490589237,0.0220371983009351,0.4690294799602517,0.2565392395390475,6038,{}
most_popular,test,3.0,0.0,0.0337860218615435,0.0168292326047722,0.0639284531301755,0.0244357991149607,0.2176217290493541,0.0516289762450019,0.0190806965413293,0.4405432262338523,0.2397905073408453,6038,{}
item_knn,valid,3.0,0.65,0.0594567737661477,0.0297393090541105,0.0998675057966214,0.0398512156809777,0.3161642928121894,0.0780487278869812,0.0303111694728313,0.6109638953295793,0.3423654903632019,6038,"{""alpha"": 0.5, ""shrink"": 0.0, ""top_k"": 100}"
item_knn,test,3.0,0.63,0.0582974494865849,0.0306616644260873,0.0895992050347797,0.0385082178801114,0.2818814176879761,0.0723043719956893,0.0305812347000931,0.576018549188473,0.3156887613912492,6038,"{""alpha"": 0.5, ""shrink"": 0.0, ""top_k"": 100}"
user_knn,valid,3.0,1.59,0.0856243789334216,0.0413223097028651,0.1422656508777741,0.0555530574909923,0.4027823782709506,0.1019172479825434,0.0397697423280525,0.671745611129513,0.4031233274117473,6038,"{""alpha"": 0.5, ""shrink"": 0.0, ""top_k"": 100}"
user_knn,test,3.0,1.39,0.0758529314342497,0.0376327183837579,0.1276912885061278,0.0507408294715732,0.3645246770453793,0.0930452534128702,0.0371181489830859,0.6377939715137463,0.3754399530485398,6038,"{""alpha"": 0.5, ""shrink"": 0.0, ""top_k"": 100}"
item_knn,valid,3.0,,0.0745279894004637,0.0358087119599126,0.1250414044385558,0.0485010211739338,0.3521033454786353,0.0890862427616921,0.034023635454183,0.5072871811858232,0.3240768619041621,6038,"{""alpha"": 0.5, ""shrink"": 0, ""top_k"": 10}"
item_knn,test,3.0,,0.0654190129181848,0.0328949284261222,0.1136137793971513,0.0449860037891549,0.3234514739980126,0.0825134054090416,0.0324859436007493,0.4778072209340841,0.3014727732189522,6038,"{""alpha"": 0.5, ""shrink"": 0, ""top_k"": 10}"
item_knn,valid,,,0.075,0.0361548909424472,0.1289735099337748,0.0496422643939626,0.3266556291390728,0.0854744602530328,0.0338771058787868,0.4253311258278145,0.291079044095696,6040,"{""alpha"": 0.5, ""shrink"": 0, ""top_k"": 5}"
item_knn,test,,,0.0721854304635761,0.0348580687877667,0.1165562913907284,0.045993099329836,0.3061258278145695,0.0801193282760415,0.0320519117378064,0.4039735099337748,0.2722110777829119,6040,"{""alpha"": 0.5, ""shrink"": 0, ""top_k"": 5}"
user_knn,valid,,,0.0847682119205298,0.041330309773352,0.1503311258278145,0.0578307472260386,0.3998344370860927,0.1027899250180645,0.0405927087188752,0.6662251655629139,0.404751479753085,6040,"{""alpha"": 0.25, ""shrink"": 100, ""top_k"": 20}"
user_knn,test,,,0.0789735099337748,0.0382166068190789,0.1341059602649006,0.0521233247754077,0.3695364238410596,0.0941976428859053,0.0370554737726306,0.6365894039735099,0.3828606077431176,6040,"{""alpha"": 0.25, ""shrink"": 100, ""top_k"": 20}"
item_knn,valid,3.0,,0.0705531632991056,0.0365032013786877,0.1156011924478304,0.0478051569041186,0.3287512421331566,0.0857105628689304,0.0354485747248628,0.5213646902947996,0.3195365019103848,6038,"{""alpha"": 0.25, ""shrink"": 100, ""top_k"": 10}"
item_knn,test,3.0,,0.062934746604836,0.030725292365591,0.1036767141437562,0.0409418333232606,0.3049022855250082,0.0766737735254238,0.0297406930630616,0.4971844981782047,0.2977423883994362,6038,"{""alpha"": 0.25, ""shrink"": 100, ""top_k"": 10}"
user_knn,valid,3.0,,0.0849619079165286,0.0417731040292848,0.1434249751573368,0.0564009055870028,0.4012918184829414,0.1024227070347881,0.0404862665628697,0.6676051672739317,0.4022297376913479,6038,"{""alpha"": 0.25, ""shrink"": 100, ""top_k"": 50}"
user_knn,test,3.0,,0.078668433256045,0.0387557240628825,0.1288506127856906,0.0514023327936773,0.3704869161974163,0.0944692246878496,0.0376006221271219,0.6382908247764161,0.3770932896383425,6038,"{""alpha"": 0.25, ""shrink"": 100, ""top_k"": 50}"
ease,valid,,,0.1023178807947019,0.0492044724418835,0.1710264900662251,0.0664857470382753,0.4600993377483444,0.1185466641185487,0.0464979152675626,0.6995033112582781,0.4410954491865385,6040,"{""regularization"": 250}"
ease,test,,,0.0991721854304635,0.0485255287165909,0.1660596026490066,0.0653102404495685,0.4332781456953642,0.1131005530142756,0.045811824735986,0.679635761589404,0.4278410872437456,6040,"{""regularization"": 250}"
bpr,valid,,,0.0846026490066225,0.0403720078153102,0.1490066225165563,0.0565416930712234,0.4003311258278145,0.101701891775397,0.0392409154050863,0.6740066225165563,0.409239540514289,6040,"{""epochs"": 100, ""factors"": 128, ""learning_rate"": 0.05, ""regularization"": 0.001}"
bpr,test,,,0.0771523178807947,0.0377714971846152,0.1346026490066225,0.0521798954207079,0.3753311258278146,0.0950520560638476,0.0372424196695578,0.6503311258278146,0.3892245940396994,6040,"{""epochs"": 100, ""factors"": 128, ""learning_rate"": 0.05, ""regularization"": 0.001}"
als,valid,,,0.0970198675496688,0.0458954462052328,0.1620860927152317,0.0622082185703311,0.4490066225165562,0.1140847782262227,0.0437061925230867,0.6951986754966888,0.4378561013711552,6040,"{""alpha"": 1.0, ""factors"": 128, ""regularization"": 1.0}"
als,test,,,0.0900662251655629,0.0448058522550583,0.1564569536423841,0.0614398486868449,0.422682119205298,0.1092505971587391,0.0436853971625499,0.6708609271523179,0.4165147012650214,6040,"{""alpha"": 1.0, ""factors"": 128, ""regularization"": 1.0}"
ease,valid,3.0,,0.0992050347797283,0.0477457431792999,0.17108314011262,0.0657675789289013,0.4577674726730705,0.1173302918697726,0.045730193233481,0.7229214971844982,0.4482516567214477,6038,"{""regularization"": 500}"
ease,test,3.0,,0.1016893010930771,0.0504936061150512,0.1611460748592249,0.0653785124350773,0.4367340178867174,0.1148366262233807,0.0474031697824726,0.6881417687976151,0.4238365994107912,6038,"{""regularization"": 500}"
bpr,valid,3.0,,0.0844650546538589,0.0414043249488571,0.1455780059622391,0.0567438546956616,0.396488903610467,0.1016167373770299,0.0403939726068322,0.6816826763829082,0.4061940624812947,6038,"{""epochs"": 100, ""factors"": 128, ""learning_rate"": 0.05, ""regularization"": 0.001}"
bpr,test,3.0,,0.0761841669426962,0.0373506842068351,0.1311692613448161,0.0511300207357301,0.3789334216628022,0.0953592954689886,0.0370031078388389,0.6581649552832064,0.3859570865715504,6038,"{""epochs"": 100, ""factors"": 128, ""learning_rate"": 0.05, ""regularization"": 0.001}"
als,valid,3.0,,0.0975488572374958,0.0465000387705568,0.1613116926134481,0.0625255151783838,0.4340841338191454,0.1115669283805911,0.0435952829986829,0.6720768466379596,0.4195804616875353,6038,"{""alpha"": 1.0, ""factors"": 128, ""regularization"": 0.01}"
als,test,3.0,,0.091752235839682,0.0459220789490466,0.152037098376946,0.0610445492668629,0.4145412388208015,0.1082394240023045,0.0441777757930155,0.6538588936734018,0.4020382359754209,6038,"{""alpha"": 1.0, ""factors"": 128, ""regularization"": 0.01}"
als,valid,,,0.0975165562913907,0.0474540836845474,0.16341059602649,0.063945910473776,0.4380794701986755,0.1134149941806881,0.0450319561896731,0.6852649006622517,0.4309948865298912,6040,"{""alpha"": 0.1, ""factors"": 128, ""regularization"": 1.0}"
als,test,,,0.0915562913907284,0.0457694984273649,0.1541390728476821,0.0614347540485651,0.4144039735099338,0.1079703285680745,0.0439670366198602,0.6600993377483444,0.4099934189130926,6040,"{""alpha"": 0.1, ""factors"": 128, ""regularization"": 1.0}"
bpr,valid,,,0.0913907284768212,0.0449703461218138,0.1561258278145695,0.0612111858769029,0.4182119205298013,0.1081093228991829,0.0433784844479227,0.6854304635761589,0.421908416413176,6040,"{""epochs"": 200, ""factors"": 256, ""learning_rate"": 0.05, ""regularization"": 0.001}"
bpr,test,,,0.0859271523178808,0.0419806435441755,0.1498344370860927,0.0579801263390257,0.3880794701986755,0.1006515185638234,0.0405715925071258,0.6635761589403973,0.4005942469519107,6040,"{""epochs"": 200, ""factors"": 256, ""learning_rate"": 0.05, ""regularization"": 0.001}"
bpr,valid,,,0.0973509933774834,0.0465873370312751,0.1647350993377483,0.0634977994922154,0.4423841059602649,0.1132196501011685,0.0442474850758343,0.7172185430463576,0.4435639725588071,6040,"{""epochs"": 400, ""factors"": 512, ""learning_rate"": 0.05, ""regularization"": 0.001}"
bpr,test,,,0.0836092715231788,0.041668497424556,0.1470198675496688,0.0575758063597406,0.4107615894039735,0.1049535795379708,0.0415311755789443,0.6981788079470199,0.423219817536372,6040,"{""epochs"": 400, ""factors"": 512, ""learning_rate"": 0.05, ""regularization"": 0.001}"
als,valid,3.0,,0.0990394170255051,0.0475625342200854,0.1599867505796621,0.0629077375980658,0.4249751573368665,0.110565164137651,0.0443158847819844,0.667108314011262,0.4151828686213085,6038,"{""alpha"": 0.5, ""factors"": 128, ""regularization"": 0.01}"
als,test,3.0,,0.0920834713481285,0.0447153637276591,0.1508777740973832,0.0594131340473294,0.408247764160318,0.1056922535848767,0.0422678157576448,0.6462404769791321,0.3969345267656939,6038,"{""alpha"": 0.5, ""factors"": 128, ""regularization"": 0.01}"
bpr,valid,3.0,,0.08810864524677045,0.04260134742587453,0.14839350778403446,0.05774397100247582,0.40079496522027164,0.10290488360578033,0.040762919370841366,0.6760516727393177,0.40556050520996917,6038,"{""epochs"": 200, ""factors"": 128, ""learning_rate"": 0.05, ""regularization"": 0.001}"
bpr,test,3.0,,0.0788340510102683,0.039201506823516176,0.1338191454123882,0.05304305838722099,0.3910235177210997,0.09893938923666204,0.038760584473811366,0.6578337197747599,0.39164945493222736,6038,"{""epochs"": 200, ""factors"": 128, ""learning_rate"": 0.05, ""regularization"": 0.001}"
