alpha,shrink,top_k,hr@10,ndcg@10,hr@20,ndcg@20,hr@100,ndcg@100,mrr,seconds
0.25,100,50,0.08496190791652865,0.041773104029284844,0.14342497515733688,0.056400905587002885,0.4012918184829414,0.10242270703478819,0.04048626656286974,2.76
0.0,500,20,0.08512752567075191,0.041622008979094564,0.1391189135475323,0.055151977196155694,0.38390195428949986,0.09884874066087042,0.0397563856003412,2.84
0.0,500,50,0.08347134812851938,0.04144621820621766,0.13829082477641602,0.05521778744146754,0.380755216959258,0.09841973627487798,0.04001208861483478,2.86
0.5,0,100,0.08562437893342166,0.04132230970286519,0.1422656508777741,0.05555305749099236,0.40278237827095065,0.10191724798254348,0.03976974232805254,2.74
0.5,0,50,0.08347134812851938,0.04124060819800955,0.1457436237164624,0.05685336023717022,0.40526664458429945,0.10320873065828193,0.04057948011594812,3.04
0.5,10,100,0.08380258363696588,0.04089226044975932,0.14176879761510433,0.05538925339394469,0.39267969526333224,0.10016031454765054,0.03961889890676649,2.88
0.5,100,50,0.08065584630672408,0.04087194592895949,0.1338191454123882,0.0542400786793154,0.35756873136800266,0.0942179719690036,0.03977926321737408,2.88
0.25,100,20,0.0844650546538589,0.040798620654072235,0.14640609473335542,0.05643378701874243,0.3959920503477973,0.10094652912362514,0.03957379429956242,2.71
0.75,0,50,0.08015899304405433,0.040640795372786934,0.13365352765816496,0.0540500900959313,0.3655183835707188,0.09548548723706071,0.03968671102101186,2.82
0.5,10,50,0.0844650546538589,0.0402419031075799,0.14458429943689963,0.05533097656757632,0.4037760847962902,0.10166840494442048,0.03899024910577745,2.83
0.0,100,50,0.08380258363696588,0.04022168616489023,0.14524677045379264,0.05567684374952137,0.40344484928784363,0.1019210278958655,0.03920828877259272,3.01
0.25,100,100,0.08297449486584962,0.04014461952874038,0.13795958926796953,0.05397260789202917,0.38870486916197416,0.09865297652683065,0.038635322438661454,2.83
0.0,100,100,0.0819807883405101,0.03995071265890596,0.1432593574031136,0.05529122144336142,0.39963564094070886,0.10099117673690684,0.039253905570794875,2.9
0.5,10,20,0.08496190791652865,0.03982408050822586,0.14624047697913217,0.05521012657742015,0.39118913547532297,0.09920348279023128,0.03805196628215358,2.76
0.25,10,50,0.08065584630672408,0.03981504377495404,0.14110632659821132,0.05500181215617793,0.3969857568731368,0.10075881651893313,0.039423136571980606,3.1
0.0,100,20,0.08363696588274264,0.03976553499623204,0.1478966545213647,0.05585570899417102,0.39582643259357403,0.10027332938445793,0.03844854144001563,2.82
0.0,500,100,0.07899966876449155,0.03971465486041894,0.13232858562437894,0.05309812674855093,0.36883073865518384,0.09526797286675263,0.03880863826367688,2.75
0.25,100,10,0.08297449486584962,0.039540215804243266,0.1397813845644253,0.05381467704786877,0.377442861874793,0.09637510745355773,0.03766506225567744,3.38
0.75,10,50,0.07717787346803577,0.039469562078278383,0.1303411725736999,0.05281188477090819,0.35028155018217955,0.09209210733347298,0.03874130651752494,2.92
0.5,100,100,0.07668102020536602,0.039275687326925074,0.12802252401457437,0.05210155462569806,0.35226896323285856,0.09203011304823025,0.03846797116042973,2.96
0.0,100,200,0.07933090427293805,0.03912236908092094,0.13365352765816496,0.05273984783807943,0.3829082477641603,0.09732033469133014,0.03848847398694647,2.93
0.5,0,20,0.08314011262007287,0.039113430720430845,0.1475654190129182,0.05531891747086477,0.38986419344153694,0.0986673765346238,0.03772904559416498,2.85
0.5,10,200,0.0788340510102683,0.03905943999572601,0.1328254388870487,0.05256985098855085,0.37976151043391854,0.09657027995576783,0.03818707727437156,2.89
0.25,100,200,0.07916528651871481,0.03893671194195,0.12885061278569063,0.05141901105858818,0.37081815170586285,0.09463768033694124,0.03768539314728045,2.77
0.5,0,200,0.07916528651871481,0.03889386018821902,0.13332229214971844,0.05249765498284797,0.3883736336535277,0.0979811861935815,0.038192401516497186,2.95
0.5,10,10,0.08429943689963564,0.03875167543413926,0.13994700231864857,0.052737601678509084,0.37545544882411397,0.09505646184776839,0.036188756674010995,3.01
0.75,0,100,0.07717787346803577,0.03861018331818796,0.1303411725736999,0.051908568173964,0.34928784365684,0.09109736232338886,0.03754355587202036,2.82
0.25,500,50,0.07767472673070554,0.038569796403676554,0.12636634647234182,0.050785113608274916,0.34630672408082147,0.09010033182970091,0.03720333489453994,2.9
0.25,10,100,0.08015899304405433,0.03852738880843095,0.13746273600529976,0.052944698795871124,0.40311361377939714,0.1004650682119465,0.038029764168794576,2.8
0.25,10,20,0.07949652202716131,0.038343201270230935,0.1412719443524346,0.05392922310390858,0.37810533289168596,0.09645863386830322,0.03729361248803166,2.85
0.0,100,10,0.08264325935740312,0.03823249847951341,0.13928453130175555,0.05241390329565331,0.3771116263663465,0.09511677863056343,0.03590026724050449,2.76
0.5,0,10,0.08131831732361709,0.03800550159238919,0.13547532295462072,0.051612735789176814,0.36104670420669094,0.09206877336313973,0.03562732028799326,3.08
0.75,10,100,0.07436237164624047,0.03799129218905714,0.12553825770122556,0.050787029391995024,0.3367008943358728,0.08859396967580038,0.037321026032689435,3.0
0.25,10,200,0.07767472673070554,0.037810383281214166,0.13348790990394171,0.05175855484544554,0.3908578999668765,0.09763082851407091,0.037504913030599725,2.9
0.25,0,100,0.07668102020536602,0.03779808140008814,0.13431599867505797,0.0521220366576422,0.39400463729711827,0.0986672450272898,0.03786577303634447,2.84
0.25,0,50,0.07651540245114276,0.03767629094425015,0.13398476316661145,0.0521249751563703,0.3916859887379927,0.09821922073034021,0.03758452373658655,2.69
0.5,100,20,0.07784034448492878,0.03754431519619236,0.1331566743954952,0.05147443134411775,0.3686651209009606,0.09352605566669961,0.03653455795871783,2.89
0.0,500,200,0.07436237164624047,0.037403667813343325,0.12371646240476979,0.04977841147926905,0.3476316661146075,0.08975108125757421,0.03665940581623332,2.91
0.75,0,200,0.07303742961245445,0.037292522510963516,0.12371646240476979,0.04998103961871942,0.3363696588274263,0.08789467946329896,0.03668225504425932,2.82
0.0,500,10,0.08065584630672408,0.03728407397513939,0.13646902947996026,0.051268486692353364,0.3759523020867837,0.09384961570910771,0.03524671749213889,2.81
0.75,0,20,0.08098708181517059,0.037281342558531716,0.13448161642928122,0.05073161921215789,0.3699900629347466,0.09277952875147107,0.03517667016826589,2.88
0.25,500,100,0.07270619410400794,0.037185007660259395,0.12172904935409076,0.049486771931553354,0.33487909903941704,0.08753396913918779,0.036681549168059074,3.2
0.25,0,20,0.07618416694269625,0.037098926324803404,0.13083802583636966,0.05079717097259747,0.3555813183173236,0.09111167825044413,0.03568449719498355,2.88
0.0,10,100,0.07469360715468698,0.036989963903313855,0.12984431931103013,0.05075455545501493,0.39019542894998344,0.09728565672551304,0.037110638478568346,2.8
0.25,0,200,0.07535607817158,0.03686271102262528,0.12802252401457437,0.05006006245302468,0.3888704869161974,0.09670130416105521,0.036930686688419936,2.91
0.0,10,50,0.07485922490891024,0.03684501373905158,0.13232858562437894,0.051258984908259655,0.38390195428949986,0.09616108548825825,0.03659269155170379,2.89
0.5,100,200,0.07187810533289168,0.036649221805635214,0.11891354753229547,0.04846732728727077,0.3332229214971845,0.08674577108594457,0.036069710764822654,2.83
0.25,10,10,0.07800596223915204,0.03659939297688975,0.12967870155680689,0.04950797342930091,0.34051010268300763,0.08739779188188843,0.03390101294102539,2.7
0.0,10,200,0.07386551838357072,0.03628701897627922,0.12586949320967208,0.0492987371676525,0.38771116263663463,0.09606401281332873,0.036522043578986925,2.86
0.0,10,20,0.07502484266313349,0.03608077293418469,0.12355084465054654,0.0483605858648175,0.33570718781053327,0.08669838097343437,0.03403934634169402,2.8
0.75,10,200,0.06989069228221265,0.036005096532748616,0.11791984100695595,0.04801907182106245,0.32593574031136135,0.0851807536837182,0.03568103324343382,2.84
0.0,0,50,0.07320304736667771,0.03548069703752304,0.12371646240476979,0.04799407706211759,0.3569062603511096,0.08990608523062125,0.03423184269544527,2.76
0.25,0,10,0.0725405763497847,0.035389370607929606,0.121232196091421,0.047487975059018465,0.31020205366015235,0.08125939251022947,0.03275318897015813,2.76
0.0,0,100,0.07121563431599867,0.03520544706367215,0.1257038754554488,0.04885604326846476,0.37860218615435576,0.09389565828454635,0.035462045339799686,2.78
0.0,10,10,0.07237495859556145,0.03515535103843319,0.11974163630341172,0.046918960138283804,0.29662139781384567,0.07859514013018601,0.03185594110638189,2.79
0.0,100,5,0.07651540245114276,0.03499549641701951,0.13431599867505797,0.04943539785357468,0.33123550844650546,0.0846207713389081,0.03225984019368756,2.87
0.25,500,200,0.06773766147731036,0.03489197073277986,0.11361377939715138,0.04639532105330995,0.3224577674726731,0.08368174793238252,0.034763594293803414,2.91
0.75,10,20,0.07717787346803577,0.03482826709103459,0.12967870155680689,0.04803921498115761,0.3564094070884399,0.08844358244911987,0.03277558462565516,2.94
0.25,500,20,0.07452798940046373,0.034774783016370645,0.1247101689301093,0.04735145990174477,0.35226896323285856,0.08801099620358534,0.03333662544141341,2.8
0.0,0,200,0.06906260351109639,0.03448505287914105,0.12272275587943028,0.04795068689099148,0.3799271281881418,0.0938444541991078,0.03552412697885508,2.88
0.25,100,5,0.07817157999337529,0.034385123848436366,0.1313348790990394,0.04759186758851038,0.3535939052666446,0.08736612338929158,0.03146350668886591,3.15
0.75,100,100,0.06773766147731036,0.033833903144661566,0.10748592249089102,0.04369738706542641,0.30606160980457103,0.07917208292481004,0.032762060882014735,2.88
0.5,10,5,0.07535607817158,0.033812127852253425,0.12702881748923484,0.04679353948333071,0.33769460086121234,0.08451049741748767,0.031280481909247045,2.82
0.25,10,5,0.07154686982444518,0.03377801043927076,0.11626366346472342,0.04497434400153148,0.2934746604836038,0.07658044955467691,0.030306311443918033,2.79
0.5,100,10,0.07684663795958926,0.03360625522229154,0.13116926134481616,0.047137875830308665,0.36204041073203047,0.08821450381146569,0.03141108501859031,3.14
0.5,500,100,0.06724080821464061,0.03359627548575324,0.10665783371977476,0.04339405843449224,0.30738655183835706,0.07923682634657116,0.032625191278811964,2.89
0.75,100,50,0.0665783371977476,0.03316385452702222,0.11179198410069559,0.04444040819804991,0.31334879099039414,0.08032135740882206,0.032628002556929214,3.0
0.5,500,50,0.0665783371977476,0.03309646886044991,0.11013580655846307,0.043935626678608466,0.3128519377277244,0.0800859435001194,0.03247914739656025,3.0
0.5,0,5,0.07138125207022193,0.03270364776167945,0.12371646240476979,0.04581797439952893,0.32610135806558466,0.08194166573296058,0.030599626374257304,2.87
0.0,0,20,0.0697250745279894,0.03270048752902752,0.11758860549850944,0.0447010096779004,0.2893342166280225,0.07572488043832044,0.02992815417780111,3.1
0.75,100,200,0.06359721762172905,0.032192310232981254,0.10516727393176549,0.04257177197580206,0.30092745942365023,0.07745933258048003,0.03188499840114658,2.83
0.5,500,200,0.06276912885061278,0.031647906476661686,0.10334547863530971,0.04180113972362787,0.29927128188141766,0.07676625902543839,0.03140883776239222,3.03
0.75,0,10,0.07204372308711494,0.031419496926070746,0.1293474660483604,0.04573063692699991,0.36386220602848623,0.08781394185046894,0.030543331187139908,2.88
0.75,500,100,0.0606160980457105,0.030750929869920254,0.09887379927128188,0.04032708671233524,0.29281218946671084,0.07487220004986525,0.03070111434017927,2.8
0.75,500,200,0.06111295130838026,0.03000648493571349,0.09837694600861212,0.03936350273639924,0.287015568068897,0.07298161852165713,0.029473841286915384,2.94
0.25,0,5,0.06160980457105002,0.02985472576353417,0.09721762172904935,0.038726103198741105,0.24610798277575355,0.06590773676470178,0.02681075946406242,2.79
0.0,10,5,0.06127856906260351,0.029383594939796507,0.09539582643259358,0.037933903638172325,0.22822126531964226,0.06257771118649547,0.0258580206244252,2.94
0.25,500,10,0.07353428287512422,0.029338944720216392,0.12404769791321629,0.041984661512467075,0.34531301755548194,0.08137237209697123,0.02667212558515542,2.76
1.0,100,100,0.05763497846969195,0.02880177546745997,0.09539582643259358,0.03824391912649096,0.28403444849287846,0.07182496692715355,0.028896086214874918,3.41
1.0,500,100,0.057469360715468695,0.028770499507720666,0.09539582643259358,0.03826014321574911,0.2842000662471017,0.07186674589261037,0.028921094085228374,3.03
1.0,0,100,0.05763497846969195,0.02869809290866166,0.09539582643259358,0.03814420504697858,0.28403444849287846,0.07172593947981042,0.028765520644746502,2.77
1.0,10,100,0.057469360715468695,0.028689991451634,0.09539582643259358,0.038180744001168755,0.2842000662471017,0.07178684352935417,0.028811619150443838,3.06
0.0,0,10,0.058959920503477974,0.02866492459059499,0.09721762172904935,0.03829050914579723,0.23666777078502815,0.06349143242534026,0.02594349612379392,2.97
0.0,100,3,0.06674395495197086,0.028472365078302895,0.11129513083802584,0.03962514951953513,0.3052335210334548,0.07408446527821745,0.025327554995306003,2.75
1.0,100,200,0.0578005962239152,0.028349176746125197,0.09423650215303081,0.03754903994860217,0.2813845644253064,0.07091791603562038,0.028223356833714096,3.27
1.0,0,200,0.0578005962239152,0.028345651386265304,0.09440211990725406,0.03758723274772238,0.28155018217952965,0.07094519051016104,0.028222953515959194,2.99
1.0,500,200,0.0578005962239152,0.028336036462258022,0.09440211990725406,0.03757802925674237,0.28155018217952965,0.07093573839416568,0.02821236362059805,2.95
1.0,10,200,0.0578005962239152,0.028334996229712393,0.09440211990725406,0.03757453559766584,0.2813845644253064,0.07090794305762946,0.028209726579330897,2.82
0.75,500,50,0.05680688969857569,0.02825349263062303,0.09655515071215634,0.038178712923865515,0.2934746604836038,0.0731254523273824,0.02863816979247495,2.91
0.75,10,10,0.06409407088439881,0.027702942457712355,0.12371646240476979,0.042578466570581015,0.347962901623054,0.0828762501728643,0.027985980865839345,2.88
0.0,500,5,0.06840013249420338,0.027258918292894,0.12172904935409076,0.04059081747306092,0.34531301755548194,0.08047335545234821,0.025630492106852913,2.76
1.0,500,50,0.05481947664789665,0.026235267106606244,0.09274594236502152,0.03572816425491064,0.28221265319642264,0.06928334553391127,0.026420913616976058,2.95
1.0,0,50,0.0546538588936734,0.026233808235211948,0.09258032461079828,0.03573665360904578,0.2820470354421994,0.06930276446311096,0.026481399836055446,2.84
1.0,100,50,0.0546538588936734,0.026202595651782564,0.09274594236502152,0.03574418546000635,0.28221265319642264,0.06930162977695431,0.026442152986528532,3.0
1.0,10,50,0.0546538588936734,0.02619186590981703,0.09274594236502152,0.03573267740585408,0.2820470354421994,0.06926711645991211,0.026427564283815173,3.07
0.5,500,20,0.06392845313017556,0.026170305263770535,0.10152368333885392,0.035589259418420685,0.3125207022192779,0.07303477297082778,0.024201519516544368,2.84
0.25,10,3,0.057138125207022196,0.026123243553894452,0.09340841338191454,0.03511028168501424,0.23898641934415368,0.06179800734540964,0.023400877715101857,2.84
0.75,100,20,0.06260351109638954,0.025619529502795522,0.10185491884730043,0.03543030804724286,0.3111957601854919,0.07260586846820631,0.023962720439433285,3.09
0.5,10,3,0.05995362702881749,0.025278035836650115,0.10334547863530971,0.03615904012331825,0.3039085789996688,0.07224092011317546,0.023749441579710363,2.91
0.25,100,3,0.0634315998675058,0.02496488130685626,0.11510433918516065,0.03792419374019619,0.319807883405101,0.07432880238506598,0.02309494987096584,2.8
0.0,0,5,0.047532295462073534,0.02446698036340528,0.07535607817158,0.03137373506593495,0.14988406757204373,0.045732201353886955,0.021931165378540608,2.8
0.5,0,3,0.054157005631003646,0.02409328530512354,0.0967207684663796,0.03477353448048564,0.2808877111626366,0.06803228075499357,0.023428052955968125,2.77
0.0,10,3,0.04786353097052004,0.022714088358113855,0.08380258363696588,0.031657314955242974,0.15965551507121564,0.0465955712862657,0.020395371239958902,2.78
0.25,0,3,0.048029148724743294,0.02268644589944487,0.08463067240808214,0.031733019893226494,0.18234514739980126,0.05020751893003169,0.020668131867860654,2.77
0.75,0,5,0.0518383570718781,0.02187644732676906,0.0939052666445843,0.0323439874236283,0.33686651209009605,0.0756762049371044,0.02307521001755387,2.8
0.5,100,5,0.052500828088771115,0.021111017221956834,0.1093077177873468,0.03522168167528172,0.33719774759854254,0.07609130614276699,0.022703646786165616,2.85
0.75,500,20,0.05332891685988738,0.01995462029266162,0.09142100033123551,0.029526707490183133,0.2837032129844319,0.06337189736452141,0.019081674086513633,2.83
0.0,0,3,0.03842331897979463,0.01820775544300211,0.06757204372308712,0.025454363098645707,0.0939052666445843,0.03086943886870524,0.015566022825503489,2.89
0.75,10,5,0.04140443855581318,0.017066042003763365,0.07966213978138456,0.02662571528949357,0.32643259357403115,0.0705116851212249,0.01979463075868005,2.94
0.25,500,5,0.04223252732692945,0.015513923460923864,0.09539582643259358,0.02864591786118922,0.31765485260019877,0.06883182925438028,0.018508061413580086,2.77
1.0,10,20,0.04272938058959921,0.015165687988679172,0.08032461079827757,0.0246939050497979,0.2691288506127857,0.05810211810221351,0.016110805342586684,2.88
1.0,100,20,0.04272938058959921,0.01514606748106464,0.07982775753560782,0.024576756194627014,0.2697913216296787,0.058176484941628706,0.016088409990948307,3.06
1.0,0,20,0.042563762835375954,0.015096986535891843,0.08032461079827757,0.0246843293637041,0.26896323285856244,0.058064467211631415,0.016093946830343233,2.85
0.0,500,3,0.04140443855581318,0.01509039091658877,0.09605829744948659,0.028666722032222026,0.3128519377277244,0.06772393172942703,0.017874210270563868,2.75
1.0,500,20,0.042563762835375954,0.015090300059033359,0.08098708181517059,0.024818448534084624,0.2687976151043392,0.058025890809381746,0.016080445157594228,2.96
0.75,0,3,0.03544219940377608,0.014421696379063712,0.06922822126531965,0.022842654760742608,0.2800596223915204,0.05976705304890552,0.016848418073211524,2.84
0.5,100,3,0.03212984431931103,0.012015821114403937,0.07469360715468698,0.022560808851611915,0.30423981450811527,0.06345705590122373,0.01592059245016572,2.8
0.5,500,10,0.03130175554819477,0.01142269787294037,0.08562437893342166,0.024852164582547433,0.29728386883073865,0.06294635896580547,0.016227091028891596,2.9
0.75,10,3,0.026498840675720437,0.010689412993896481,0.05647565419012918,0.018170400675934457,0.26581649552832065,0.05462263626149218,0.014400967786355443,2.95
0.75,100,10,0.028320635972176218,0.01067194235443568,0.08065584630672408,0.023533418131781954,0.2933090427293806,0.06201487140864378,0.016001580483236116,2.84
0.25,500,3,0.0182179529645578,0.006439534954264708,0.04935409075852931,0.014164015496793662,0.300761841669427,0.05870902816934588,0.012409138053618686,2.74
0.75,500,10,0.011096389532957933,0.004092684577562604,0.039085789996687645,0.010938632673707146,0.26416031798608813,0.052070550088173434,0.011416638509273519,2.97
0.5,500,5,0.008777740973832394,0.0032269423496988107,0.026830076184166943,0.007688630921609695,0.28039085789996687,0.05171393233616977,0.009800162731200162,2.94
0.75,100,5,0.008777740973832394,0.0031850898808899594,0.0241801921165949,0.007010413645783814,0.2754223252732693,0.05018017276373822,0.00937096698118158,2.94
1.0,10,10,0.004471679364027824,0.0017275388181673332,0.024511427625041403,0.006576929951710288,0.24577674726730706,0.04701252307656758,0.009624090188717273,2.82
1.0,0,10,0.004471679364027824,0.0017237527065232722,0.024677045379264656,0.00661406804986167,0.24643921828420007,0.04710911341263174,0.009625025619667623,3.06
1.0,100,10,0.004471679364027824,0.0017237527065232722,0.024511427625041403,0.0065751750215099864,0.2459423650215303,0.04704077582491557,0.009627277931277966,3.14
1.0,500,10,0.004471679364027824,0.0017237527065232722,0.024677045379264656,0.006614895065540054,0.2456111295130838,0.04697306740290422,0.009621798925377786,2.94
0.75,100,3,0.003146737330241802,0.0011109539315120045,0.011924478304074197,0.0032636515617867914,0.14806227227558794,0.026114638171587448,0.006183243460771709,2.78
0.5,500,3,0.002484266313348791,0.0008702881396389724,0.01093077177873468,0.0029379243387185985,0.17737661477310368,0.03070111869907792,0.006387713142400484,2.9
0.75,500,5,0.002484266313348791,0.0008274300516614908,0.007784034448492879,0.0021226372792211173,0.20669095727061942,0.03479207318238868,0.006205192895252027,2.79
1.0,500,5,0.0009937065253395165,0.0003105090934700635,0.0033123550844650546,0.000882831566679352,0.15004968532626697,0.02465997685991957,0.005137811395937208,2.99
1.0,0,5,0.0009937065253395165,0.0003105090934700635,0.0033123550844650546,0.000882831566679352,0.15004968532626697,0.02465997685991957,0.005138803634695771,3.03
1.0,100,5,0.0009937065253395165,0.0003105090934700635,0.0033123550844650546,0.000882831566679352,0.15021530308049022,0.02468555199453387,0.00513778526036304,2.88
1.0,10,5,0.0009937065253395165,0.0003105090934700635,0.0033123550844650546,0.000882831566679352,0.15021530308049022,0.02468555199453387,0.00513830085578195,2.81
0.75,500,3,0.00016561775422325274,7.632418360688477e-05,0.001324942033786022,0.00036359321038599384,0.051010268300761843,0.008534988362394373,0.003868614391262066,2.75
1.0,10,3,0.0,0.0,0.000662471016893011,0.00016434409168995516,0.020370983769460085,0.0033752832343182213,0.0031514287404660808,2.88
1.0,0,3,0.0,0.0,0.000662471016893011,0.00016434409168995516,0.020370983769460085,0.0033752832343182213,0.0031514287404660808,2.76
1.0,100,3,0.0,0.0,0.000662471016893011,0.00016434409168995516,0.020370983769460085,0.0033752832343182213,0.0031514287404660808,2.85
1.0,500,3,0.0,0.0,0.000662471016893011,0.00016434409168995516,0.020370983769460085,0.0033752832343182213,0.0031514287404660808,3.02
